subjectsID,,,,9,10,11,12
Group,,,,Early_TRF,Early_TRF,Early_TRF,Early_TRF
Date_Time_1,Expriments Times,DarkLight,EatRestrict,,,,
2022-03-20 10:58:25,2022-03-20 02:58:25,light,Restrict,1.572849,1.180357,1.39854,1.506771
2022-03-20 11:03:25,2022-03-20 03:03:25,light,Restrict,1.697952,1.529382,1.80906,1.999051
2022-03-20 11:08:25,2022-03-20 03:08:25,light,Restrict,1.832837,1.505706,1.927746,2.076191
2022-03-20 11:13:25,2022-03-20 03:13:25,light,Restrict,1.689888,1.634193,1.838918,1.904305
2022-03-20 11:18:25,2022-03-20 03:18:25,light,Restrict,1.766231,1.474302,1.943775,1.820509
2022-03-20 11:23:25,2022-03-20 03:23:25,light,Restrict,2.037137,1.5655,1.894008,1.79957
2022-03-20 11:28:25,2022-03-20 03:28:25,light,Restrict,1.557368,1.641656,1.75326,1.731304
2022-03-20 11:33:25,2022-03-20 03:33:25,light,Restrict,1.598472,1.63158,1.629747,1.697132
2022-03-20 11:38:25,2022-03-20 03:38:25,light,Restrict,1.946583,1.618558,1.616516,1.582101
2022-03-20 11:43:25,2022-03-20 03:43:25,light,Restrict,1.739108,1.557373,1.88785,1.477177
2022-03-20 11:48:25,2022-03-20 03:48:25,light,Restrict,1.509174,1.393714,1.79338,1.564969
2022-03-20 11:53:25,2022-03-20 03:53:25,light,Restrict,1.635239,1.377272,1.813828,1.863523
2022-03-20 11:58:25,2022-03-20 03:58:25,light,Restrict,1.489872,1.661255,2.064455,1.466087
2022-03-20 12:03:25,2022-03-20 04:03:25,light,Restrict,1.503484,1.835491,1.648048,1.269731
2022-03-20 12:08:25,2022-03-20 04:08:25,light,Restrict,1.164483,1.675544,1.646446,1.530564
2022-03-20 12:13:25,2022-03-20 04:13:25,light,Restrict,1.078536,1.364578,1.694055,1.314625
2022-03-20 12:18:25,2022-03-20 04:18:25,light,Restrict,1.099995,1.380393,1.401888,1.286055
2022-03-20 12:23:25,2022-03-20 04:23:25,light,Restrict,1.27926,1.500352,1.323734,1.380236
2022-03-20 12:28:25,2022-03-20 04:28:25,light,Restrict,1.330221,1.337571,1.160032,1.419665
2022-03-20 12:33:25,2022-03-20 04:33:25,light,Restrict,1.471036,1.215001,1.651461,1.179278
2022-03-20 12:38:25,2022-03-20 04:38:25,light,Restrict,1.31348,1.226047,1.848326,1.268609
2022-03-20 12:43:25,2022-03-20 04:43:25,light,Restrict,1.129052,1.293261,1.88426,1.419753
2022-03-20 12:48:25,2022-03-20 04:48:25,light,Restrict,1.185403,1.234855,1.762327,1.220389
2022-03-20 12:53:25,2022-03-20 04:53:25,light,Restrict,1.146486,1.28815,1.552367,1.19198
2022-03-20 12:58:25,2022-03-20 04:58:25,light,Restrict,1.402483,1.294007,1.612168,1.242669
2022-03-20 13:03:25,2022-03-20 05:03:25,light,Restrict,2.036454,1.256186,1.398456,1.260556
2022-03-20 13:08:25,2022-03-20 05:08:25,light,Restrict,2.011296,1.27468,1.430131,1.561802
2022-03-20 13:13:25,2022-03-20 05:13:25,light,Restrict,1.941581,1.166168,1.497691,1.537347
2022-03-20 13:18:25,2022-03-20 05:18:25,light,Restrict,1.659212,1.117492,1.050038,1.096487
2022-03-20 13:23:25,2022-03-20 05:23:25,light,Restrict,1.644818,1.211226,1.040884,1.156401
2022-03-20 13:28:25,2022-03-20 05:28:25,light,Restrict,1.811046,1.225611,1.112542,1.294872
2022-03-20 13:33:25,2022-03-20 05:33:25,light,Restrict,1.40536,1.275107,1.524579,1.343276
2022-03-20 13:38:25,2022-03-20 05:38:25,light,Restrict,1.272443,1.268647,1.476488,1.36063
2022-03-20 13:43:25,2022-03-20 05:43:25,light,Restrict,1.175201,1.796396,1.279256,1.420799
2022-03-20 13:48:25,2022-03-20 05:48:25,light,Restrict,1.182062,1.886638,1.417707,1.983648
2022-03-20 13:53:25,2022-03-20 05:53:25,light,Restrict,1.19305,1.772806,1.358107,1.843063
2022-03-20 13:58:25,2022-03-20 05:58:25,light,Restrict,1.029146,1.591388,1.444664,1.55361
2022-03-20 14:03:25,2022-03-20 06:03:25,light,Restrict,1.045379,1.471292,1.517933,1.385858
2022-03-20 14:08:25,2022-03-20 06:08:25,light,Restrict,1.224858,1.428404,1.232926,1.293146
2022-03-20 14:13:25,2022-03-20 06:13:25,light,Restrict,0.8911242,1.447245,0.9529985,1.117084
2022-03-20 14:18:25,2022-03-20 06:18:25,light,Restrict,1.081167,1.166016,1.005078,1.159453
2022-03-20 14:23:25,2022-03-20 06:23:25,light,Restrict,1.163482,1.103851,1.319287,1.227854
2022-03-20 14:28:25,2022-03-20 06:28:25,light,Restrict,1.174887,1.106399,1.714184,1.175631
2022-03-20 14:33:25,2022-03-20 06:33:25,light,Restrict,1.093952,1.186557,1.966156,1.182932
2022-03-20 14:38:25,2022-03-20 06:38:25,light,Restrict,1.083394,1.17201,2.045033,1.302054
2022-03-20 14:43:25,2022-03-20 06:43:25,light,Restrict,1.046107,1.115684,1.6382,1.205423
2022-03-20 14:48:25,2022-03-20 06:48:25,light,Restrict,1.002674,1.227287,1.343072,1.2102
2022-03-20 14:53:25,2022-03-20 06:53:25,light,Restrict,1.057308,1.155944,1.394267,1.233802
2022-03-20 14:58:25,2022-03-20 06:58:25,light,Restrict,1.088076,1.205746,1.508,1.197135
2022-03-20 15:03:25,2022-03-20 07:03:25,light,Restrict,1.179267,1.171509,1.403097,1.300086
2022-03-20 15:08:25,2022-03-20 07:08:25,light,Restrict,1.623019,1.11547,1.165643,1.646769
2022-03-20 15:13:25,2022-03-20 07:13:25,light,Restrict,1.964786,1.16671,1.017678,1.310021
2022-03-20 15:18:25,2022-03-20 07:18:25,light,Restrict,1.810345,1.164341,1.540759,1.028955
2022-03-20 15:23:25,2022-03-20 07:23:25,light,Restrict,1.881611,1.215875,1.405901,1.014289
2022-03-20 15:28:25,2022-03-20 07:28:25,light,Restrict,1.383335,1.251233,1.459219,1.077967
2022-03-20 15:33:25,2022-03-20 07:33:25,light,Restrict,1.514476,1.337868,1.285349,1.246599
2022-03-20 15:38:25,2022-03-20 07:38:25,light,Restrict,1.180031,1.20798,1.353238,1.331363
2022-03-20 15:43:25,2022-03-20 07:43:25,light,Restrict,1.190628,1.225698,1.295587,1.406118
2022-03-20 15:48:25,2022-03-20 07:48:25,light,Restrict,1.304951,1.255288,1.621204,1.364745
2022-03-20 15:53:25,2022-03-20 07:53:25,light,Restrict,1.170679,1.240278,1.333086,1.483736
2022-03-20 15:58:25,2022-03-20 07:58:25,light,Restrict,1.416531,1.539382,0.9805111,1.8795
2022-03-20 16:03:25,2022-03-20 08:03:25,dark,Eat,1.078289,1.82538,1.64952,1.906236
2022-03-20 16:08:25,2022-03-20 08:08:25,dark,Eat,1.075801,1.762424,1.821431,1.880474
2022-03-20 16:13:25,2022-03-20 08:13:25,dark,Eat,1.158298,1.656918,2.011937,1.871295
2022-03-20 16:18:25,2022-03-20 08:18:25,dark,Eat,1.434617,1.649433,1.632442,1.711534
2022-03-20 16:23:25,2022-03-20 08:23:25,dark,Eat,1.400327,1.500414,1.733485,1.674434
2022-03-20 16:28:25,2022-03-20 08:28:25,dark,Eat,2.055991,1.520708,1.629352,1.630898
2022-03-20 16:33:25,2022-03-20 08:33:25,dark,Eat,1.261867,1.623654,1.417751,1.193174
2022-03-20 16:38:25,2022-03-20 08:38:25,dark,Eat,1.342752,1.760492,1.426337,1.537786
2022-03-20 16:43:25,2022-03-20 08:43:25,dark,Eat,1.46092,1.784155,1.759914,1.594397
2022-03-20 16:48:25,2022-03-20 08:48:25,dark,Eat,1.234978,1.961424,1.634582,1.72687
2022-03-20 16:53:25,2022-03-20 08:53:25,dark,Eat,1.413376,1.574904,1.680662,1.583555
2022-03-20 16:58:25,2022-03-20 08:58:25,dark,Eat,1.703125,1.59818,2.11772,1.544486
2022-03-20 17:03:25,2022-03-20 09:03:25,dark,Eat,1.87916,1.58091,1.875572,1.565863
2022-03-20 17:08:25,2022-03-20 09:08:25,dark,Eat,1.855424,1.658937,2.142475,1.588176
2022-03-20 17:13:25,2022-03-20 09:13:25,dark,Eat,1.870969,1.808954,1.461031,1.707171
2022-03-20 17:18:25,2022-03-20 09:18:25,dark,Eat,1.669526,1.824778,1.759158,1.791245
2022-03-20 17:23:25,2022-03-20 09:23:25,dark,Eat,2.071217,2.08328,1.798377,1.935037
2022-03-20 17:28:25,2022-03-20 09:28:25,dark,Eat,1.878248,2.171332,1.936537,1.918976
2022-03-20 17:33:25,2022-03-20 09:33:25,dark,Eat,1.592483,2.163571,1.869965,1.765333
2022-03-20 17:38:25,2022-03-20 09:38:25,dark,Eat,1.908627,1.855896,1.683769,1.66513
2022-03-20 17:43:25,2022-03-20 09:43:25,dark,Eat,1.539267,1.845854,1.85782,1.781451
2022-03-20 17:48:25,2022-03-20 09:48:25,dark,Eat,1.508301,2.079093,2.230733,2.074824
2022-03-20 17:53:25,2022-03-20 09:53:25,dark,Eat,1.677288,1.94819,1.852694,1.679126
2022-03-20 17:58:25,2022-03-20 09:58:25,dark,Eat,1.903485,1.701424,1.721621,1.81345
2022-03-20 18:03:25,2022-03-20 10:03:25,dark,Eat,1.883876,1.480016,1.796335,1.69701
2022-03-20 18:08:25,2022-03-20 10:08:25,dark,Eat,1.947866,1.580839,1.717422,1.884458
2022-03-20 18:13:25,2022-03-20 10:13:25,dark,Eat,2.090364,1.787185,2.00684,1.026883
2022-03-20 18:18:25,2022-03-20 10:18:25,dark,Eat,2.12429,1.760343,2.027872,1.321707
2022-03-20 18:23:25,2022-03-20 10:23:25,dark,Eat,2.136093,1.952418,2.014627,1.81439
2022-03-20 18:28:25,2022-03-20 10:28:25,dark,Eat,1.930194,1.793007,1.72344,1.848853
2022-03-20 18:33:25,2022-03-20 10:33:25,dark,Eat,1.461905,1.622726,1.911614,0.9307409
2022-03-20 18:38:25,2022-03-20 10:38:25,dark,Eat,1.63742,1.61676,1.810646,1.578532
2022-03-20 18:43:25,2022-03-20 10:43:25,dark,Eat,1.805215,1.722251,1.785931,1.94823
2022-03-20 18:48:25,2022-03-20 10:48:25,dark,Eat,1.879329,1.668724,2.013129,2.071852
2022-03-20 18:53:25,2022-03-20 10:53:25,dark,Eat,1.974446,1.739501,1.880827,2.315022
2022-03-20 18:58:25,2022-03-20 10:58:25,dark,Eat,1.733586,1.784177,1.620698,2.084436
2022-03-20 19:03:25,2022-03-20 11:03:25,dark,Eat,2.15499,1.628842,2.074369,2.178722
2022-03-20 19:08:25,2022-03-20 11:08:25,dark,Eat,1.924903,1.805158,1.822566,1.97078
2022-03-20 19:13:25,2022-03-20 11:13:25,dark,Eat,1.591952,2.104627,1.646237,1.796988
2022-03-20 19:18:25,2022-03-20 11:18:25,dark,Eat,1.732469,2.136989,1.977531,2.006338
2022-03-20 19:23:25,2022-03-20 11:23:25,dark,Eat,1.816617,1.887136,1.780901,1.935667
2022-03-20 19:28:25,2022-03-20 11:28:25,dark,Eat,1.728974,1.834722,1.936156,1.732396
2022-03-20 19:33:25,2022-03-20 11:33:25,dark,Eat,1.787303,1.728742,1.653844,1.604138
2022-03-20 19:38:25,2022-03-20 11:38:25,dark,Eat,2.175768,1.620561,1.771164,1.687562
2022-03-20 19:43:25,2022-03-20 11:43:25,dark,Eat,1.406877,1.880528,1.852888,1.90773
2022-03-20 19:48:25,2022-03-20 11:48:25,dark,Eat,1.733262,1.792629,1.701428,1.857934
2022-03-20 19:53:25,2022-03-20 11:53:25,dark,Eat,1.739237,1.729275,1.775621,1.805933
2022-03-20 19:58:25,2022-03-20 11:58:25,dark,Eat,1.751898,1.672275,2.12876,1.63357
2022-03-20 20:03:25,2022-03-20 12:03:25,dark,Eat,1.938555,1.800406,1.830242,1.297676
2022-03-20 20:08:25,2022-03-20 12:08:25,dark,Eat,1.846377,1.812707,1.768194,1.611851
2022-03-20 20:13:25,2022-03-20 12:13:25,dark,Eat,1.689882,1.863618,1.758774,1.712052
2022-03-20 20:18:25,2022-03-20 12:18:25,dark,Eat,1.83348,1.765091,2.233609,1.415391
2022-03-20 20:23:25,2022-03-20 12:23:25,dark,Eat,1.64778,1.71255,2.124646,1.70658
2022-03-20 20:28:25,2022-03-20 12:28:25,dark,Eat,1.549341,1.713,1.414345,1.909515
2022-03-20 20:33:25,2022-03-20 12:33:25,dark,Eat,1.576964,1.603683,1.650378,2.002427
2022-03-20 20:38:25,2022-03-20 12:38:25,dark,Eat,1.906581,1.696448,1.885559,2.277569
2022-03-20 20:43:25,2022-03-20 12:43:25,dark,Eat,1.774056,1.838078,1.712254,1.9434
2022-03-20 20:48:25,2022-03-20 12:48:25,dark,Eat,1.932993,1.816225,1.674653,1.931563
2022-03-20 20:53:25,2022-03-20 12:53:25,dark,Eat,2.005293,1.921712,1.602652,2.494466
2022-03-20 20:58:25,2022-03-20 12:58:25,dark,Eat,2.233386,1.83036,2.110895,1.943255
2022-03-20 21:03:25,2022-03-20 13:03:25,dark,Eat,2.305722,1.87436,1.640917,1.837232
2022-03-20 21:08:25,2022-03-20 13:08:25,dark,Eat,2.135564,2.286077,1.590889,2.072823
2022-03-20 21:13:25,2022-03-20 13:13:25,dark,Eat,2.402496,2.04432,1.755608,1.567388
2022-03-20 21:18:25,2022-03-20 13:18:25,dark,Eat,2.265262,2.013765,2.146305,1.646526
2022-03-20 21:23:25,2022-03-20 13:23:25,dark,Eat,2.053863,1.921822,2.321152,1.426184
2022-03-20 21:28:25,2022-03-20 13:28:25,dark,Eat,2.094393,2.112167,2.272237,1.627226
2022-03-20 21:33:25,2022-03-20 13:33:25,dark,Eat,1.916373,1.865175,2.281017,1.507436
2022-03-20 21:38:25,2022-03-20 13:38:25,dark,Eat,2.086782,2.395511,1.764446,1.578507
2022-03-20 21:43:25,2022-03-20 13:43:25,dark,Eat,1.839926,1.747672,2.031364,1.58476
2022-03-20 21:48:25,2022-03-20 13:48:25,dark,Eat,1.855094,1.727867,1.828738,2.119003
2022-03-20 21:53:25,2022-03-20 13:53:25,dark,Eat,1.750165,1.71796,1.805078,1.756785
2022-03-20 21:58:25,2022-03-20 13:58:25,dark,Eat,1.744179,1.645347,1.71657,1.56851
2022-03-20 22:03:25,2022-03-20 14:03:25,dark,Eat,1.433927,1.48106,1.616215,1.622608
2022-03-20 22:08:25,2022-03-20 14:08:25,dark,Eat,1.468443,1.525758,1.615154,1.701614
2022-03-20 22:13:25,2022-03-20 14:13:25,dark,Eat,1.502308,1.568359,1.535267,1.684075
2022-03-20 22:18:25,2022-03-20 14:18:25,dark,Eat,1.615181,1.618607,1.550639,1.785982
2022-03-20 22:23:25,2022-03-20 14:23:25,dark,Eat,1.735212,1.5853,1.60802,1.712842
2022-03-20 22:28:25,2022-03-20 14:28:25,dark,Eat,1.974024,1.525867,1.752,1.884663
2022-03-20 22:33:25,2022-03-20 14:33:25,dark,Eat,2.087757,1.561885,1.756629,1.507656
2022-03-20 22:38:25,2022-03-20 14:38:25,dark,Eat,1.654024,1.537732,1.918277,1.440746
2022-03-20 22:43:25,2022-03-20 14:43:25,dark,Eat,1.776177,1.432846,1.975871,1.554894
2022-03-20 22:48:25,2022-03-20 14:48:25,dark,Eat,1.587907,1.546606,1.912565,2.205021
2022-03-20 22:53:25,2022-03-20 14:53:25,dark,Eat,1.537856,1.839845,1.994119,2.021696
2022-03-20 22:58:25,2022-03-20 14:58:25,dark,Eat,1.792786,1.838614,1.893303,1.960737
2022-03-20 23:03:25,2022-03-20 15:03:25,dark,Eat,1.961348,1.535833,1.931334,2.238977
2022-03-20 23:08:25,2022-03-20 15:08:25,dark,Eat,2.087637,1.487853,1.771419,1.828557
2022-03-20 23:13:25,2022-03-20 15:13:25,dark,Eat,2.162452,1.649604,1.702335,1.864365
2022-03-20 23:18:25,2022-03-20 15:18:25,dark,Eat,2.026037,1.713888,1.680308,1.735771
2022-03-20 23:23:25,2022-03-20 15:23:25,dark,Eat,2.011298,1.795043,1.702325,1.599216
2022-03-20 23:28:25,2022-03-20 15:28:25,dark,Eat,1.926414,1.679488,1.69167,1.499509
2022-03-20 23:33:25,2022-03-20 15:33:25,dark,Eat,1.703121,1.4661,2.323611,1.11733
2022-03-20 23:38:25,2022-03-20 15:38:25,dark,Eat,1.649201,1.865985,2.126809,1.340597
2022-03-20 23:43:25,2022-03-20 15:43:25,dark,Eat,1.753139,2.005619,2.083043,1.546404
2022-03-20 23:48:25,2022-03-20 15:48:25,dark,Eat,1.774653,1.934799,2.140327,1.619729
2022-03-20 23:53:25,2022-03-20 15:53:25,dark,Eat,1.660892,1.868056,1.941119,1.872713
2022-03-20 23:58:25,2022-03-20 15:58:25,dark,Eat,1.797114,1.832433,2.157106,1.973847
2022-03-21 00:03:25,2022-03-20 16:03:25,dark,Eat,1.591087,1.891851,1.713046,2.182771
2022-03-21 00:08:25,2022-03-20 16:08:25,dark,Eat,1.930568,2.054366,1.657398,2.021494
2022-03-21 00:13:25,2022-03-20 16:13:25,dark,Eat,2.08017,2.038372,1.850197,2.296547
2022-03-21 00:18:25,2022-03-20 16:18:25,dark,Eat,1.840368,2.029667,1.701333,2.009189
2022-03-21 00:23:25,2022-03-20 16:23:25,dark,Eat,1.88338,1.920923,1.484588,1.746715
2022-03-21 00:28:25,2022-03-20 16:28:25,dark,Eat,2.052122,1.500887,1.551553,1.831536
2022-03-21 00:33:25,2022-03-20 16:33:25,dark,Eat,2.008592,1.78433,1.73247,1.944936
2022-03-21 00:38:25,2022-03-20 16:38:25,dark,Eat,1.894119,1.612937,1.601552,1.831279
2022-03-21 00:43:25,2022-03-20 16:43:25,dark,Eat,1.976707,1.482524,1.40757,1.783371
2022-03-21 00:48:25,2022-03-20 16:48:25,dark,Eat,1.99955,1.557478,1.873599,1.508942
2022-03-21 00:53:25,2022-03-20 16:53:25,dark,Eat,1.87808,1.414573,1.668667,1.358626
2022-03-21 00:58:25,2022-03-20 16:58:25,dark,Eat,1.701228,1.471529,1.747298,1.494202
2022-03-21 01:03:25,2022-03-20 17:03:25,dark,Eat,1.979943,1.771613,1.606619,1.449894
2022-03-21 01:08:25,2022-03-20 17:08:25,dark,Eat,1.841689,1.720698,1.461313,1.672728
2022-03-21 01:13:25,2022-03-20 17:13:25,dark,Eat,1.195399,1.613941,1.52747,1.443545
2022-03-21 01:18:25,2022-03-20 17:18:25,dark,Eat,1.214104,1.643658,1.898783,1.565792
2022-03-21 01:23:25,2022-03-20 17:23:25,dark,Eat,1.481571,1.42346,1.828774,1.873094
2022-03-21 01:28:25,2022-03-20 17:28:25,dark,Eat,1.217906,1.270512,1.34534,1.322955
2022-03-21 01:33:25,2022-03-20 17:33:25,dark,Eat,0.556006,0.6732454,0.6976107,0.6694844
2022-03-21 01:38:25,2022-03-20 17:38:25,dark,Eat,1.536649,1.510566,1.390173,1.92462
2022-03-21 01:43:25,2022-03-20 17:43:25,dark,Eat,1.461087,1.375913,1.243136,1.872627
2022-03-21 01:48:25,2022-03-20 17:48:25,dark,Eat,1.530294,1.508709,1.459841,1.737461
2022-03-21 01:53:25,2022-03-20 17:53:25,dark,Eat,1.685089,1.495168,1.555411,1.890205
2022-03-21 01:58:25,2022-03-20 17:58:25,dark,Eat,1.738018,1.319791,1.32405,1.839861
2022-03-21 02:03:25,2022-03-20 18:03:25,dark,Eat,1.525333,1.331949,1.420941,1.845317
2022-03-21 02:08:25,2022-03-20 18:08:25,dark,Eat,1.667305,1.385106,1.570257,1.801971
2022-03-21 02:13:25,2022-03-20 18:13:25,dark,Eat,1.378507,1.344021,1.513008,1.861951
2022-03-21 02:18:25,2022-03-20 18:18:25,dark,Eat,1.35252,1.424202,1.587994,1.896407
2022-03-21 02:23:25,2022-03-20 18:23:25,dark,Eat,1.567387,1.357098,1.725288,1.838061
2022-03-21 02:28:25,2022-03-20 18:28:25,dark,Eat,1.464114,1.209077,2.164215,1.648955
2022-03-21 02:33:25,2022-03-20 18:33:25,dark,Eat,1.426265,1.464923,1.731909,1.704423
2022-03-21 02:38:25,2022-03-20 18:38:25,dark,Eat,1.545306,1.374304,1.60304,1.881726
2022-03-21 02:43:25,2022-03-20 18:43:25,dark,Eat,1.322829,1.418802,1.906844,1.811727
2022-03-21 02:48:25,2022-03-20 18:48:25,dark,Eat,1.265847,1.419738,1.912642,1.573577
2022-03-21 02:53:25,2022-03-20 18:53:25,dark,Eat,1.445255,1.448981,1.74623,1.869099
2022-03-21 02:58:25,2022-03-20 18:58:25,dark,Eat,1.426495,1.6303,1.448624,1.680046
2022-03-21 03:03:25,2022-03-20 19:03:25,dark,Eat,1.405232,1.527948,1.404966,1.456122
2022-03-21 03:08:25,2022-03-20 19:08:25,dark,Eat,1.206867,1.514787,1.460195,1.683801
2022-03-21 03:13:25,2022-03-20 19:13:25,dark,Eat,1.352355,1.5899,1.330369,1.559369
2022-03-21 03:18:25,2022-03-20 19:18:25,dark,Eat,1.411623,1.687781,1.431157,1.462771
2022-03-21 03:23:25,2022-03-20 19:23:25,dark,Eat,1.436185,2.022513,1.626866,1.741153
2022-03-21 03:28:25,2022-03-20 19:28:25,dark,Eat,1.503133,1.856102,1.682084,1.438835
2022-03-21 03:33:25,2022-03-20 19:33:25,dark,Eat,1.47559,1.628192,1.565451,1.259717
2022-03-21 03:38:25,2022-03-20 19:38:25,dark,Eat,1.368317,1.666047,1.425902,1.129705
2022-03-21 03:43:25,2022-03-20 19:43:25,dark,Eat,1.655491,1.468536,1.266145,1.085741
2022-03-21 03:48:25,2022-03-20 19:48:25,dark,Eat,1.780543,1.506032,1.192766,1.217726
2022-03-21 03:53:25,2022-03-20 19:53:25,dark,Eat,1.969272,1.501002,1.532748,1.270203
2022-03-21 03:58:25,2022-03-20 19:58:25,dark,Eat,1.946559,1.480874,1.685611,1.559978
2022-03-21 04:03:25,2022-03-20 20:03:25,dark,Eat,1.799005,1.323147,1.710948,1.319201
2022-03-21 04:08:25,2022-03-20 20:08:25,dark,Eat,1.815095,1.084721,1.660021,1.254787
2022-03-21 04:13:25,2022-03-20 20:13:25,dark,Eat,1.837065,1.081102,1.601393,1.334353
2022-03-21 04:18:25,2022-03-20 20:18:25,dark,Eat,1.723728,1.216738,1.530553,1.224125
2022-03-21 04:23:25,2022-03-20 20:23:25,dark,Eat,1.420182,1.304357,1.719522,1.232184
2022-03-21 04:28:25,2022-03-20 20:28:25,dark,Eat,1.546071,1.30097,1.83588,1.275416
2022-03-21 04:33:25,2022-03-20 20:33:25,dark,Eat,1.504046,1.304895,2.330933,1.315652
2022-03-21 04:38:25,2022-03-20 20:38:25,dark,Eat,1.224737,1.299508,2.03923,1.467656
2022-03-21 04:43:25,2022-03-20 20:43:25,dark,Eat,1.020147,1.400721,1.946629,1.768314
2022-03-21 04:48:25,2022-03-20 20:48:25,dark,Eat,1.07936,1.387435,1.860748,1.398294
2022-03-21 04:53:25,2022-03-20 20:53:25,dark,Eat,1.217364,1.573541,1.813869,1.751913
2022-03-21 04:58:25,2022-03-20 20:58:25,dark,Eat,1.336282,1.731491,1.796032,1.70282
2022-03-21 05:03:25,2022-03-20 21:03:25,dark,Eat,1.341158,1.851833,1.97112,2.020114
2022-03-21 05:08:25,2022-03-20 21:08:25,dark,Eat,1.298356,1.914605,1.891074,1.860967
2022-03-21 05:13:25,2022-03-20 21:13:25,dark,Eat,1.124305,1.576488,1.720554,1.729173
2022-03-21 05:18:25,2022-03-20 21:18:25,dark,Eat,1.192881,1.403679,1.791706,1.782301
2022-03-21 05:23:25,2022-03-20 21:23:25,dark,Eat,1.293941,1.618264,1.775528,1.54596
2022-03-21 05:28:25,2022-03-20 21:28:25,dark,Eat,1.257153,1.351852,1.662325,1.39097
2022-03-21 05:33:25,2022-03-20 21:33:25,dark,Eat,1.150953,1.551345,1.704286,1.583835
2022-03-21 05:38:25,2022-03-20 21:38:25,dark,Eat,1.201006,1.647917,1.661242,1.64655
2022-03-21 05:43:25,2022-03-20 21:43:25,dark,Eat,1.034942,1.404432,1.598445,1.395432
2022-03-21 05:48:25,2022-03-20 21:48:25,dark,Eat,1.119749,1.274817,1.837889,1.575604
2022-03-21 05:53:25,2022-03-20 21:53:25,dark,Eat,1.217144,1.259897,1.608242,1.370378
2022-03-21 05:58:25,2022-03-20 21:58:25,dark,Eat,1.274867,1.069996,1.570633,1.415806
2022-03-21 06:03:25,2022-03-20 22:03:25,dark,Eat,1.429216,1.009489,1.364767,1.489874
2022-03-21 06:08:25,2022-03-20 22:08:25,dark,Eat,1.739533,1.252884,1.171816,1.063376
2022-03-21 06:13:25,2022-03-20 22:13:25,dark,Eat,1.790067,1.218877,1.311543,1.394401
2022-03-21 06:18:25,2022-03-20 22:18:25,dark,Eat,1.39234,1.187825,1.552137,1.326201
2022-03-21 06:23:25,2022-03-20 22:23:25,dark,Eat,1.134306,1.107857,1.500815,1.182097
2022-03-21 06:28:25,2022-03-20 22:28:25,dark,Eat,1.332824,1.070673,1.469104,1.206698
2022-03-21 06:33:25,2022-03-20 22:33:25,dark,Eat,0.8842821,1.148718,1.650645,1.150695
2022-03-21 06:38:25,2022-03-20 22:38:25,dark,Eat,0.8433706,1.213156,1.414617,1.069874
2022-03-21 06:43:25,2022-03-20 22:43:25,dark,Eat,0.9610468,1.297412,1.2496,1.170815
2022-03-21 06:48:25,2022-03-20 22:48:25,dark,Eat,1.141316,1.334891,1.294574,1.141393
2022-03-21 06:53:25,2022-03-20 22:53:25,dark,Eat,1.023808,1.202224,1.060354,1.277696
2022-03-21 06:58:25,2022-03-20 22:58:25,dark,Eat,0.9462812,1.082043,1.22231,1.210207
2022-03-21 07:03:25,2022-03-20 23:03:25,dark,Eat,0.9405992,0.9648732,1.226391,1.198604
2022-03-21 07:08:25,2022-03-20 23:08:25,dark,Eat,1.016402,1.147496,1.395417,1.18393
2022-03-21 07:13:25,2022-03-20 23:13:25,dark,Eat,1.065224,1.106301,1.327442,1.096911
2022-03-21 07:18:25,2022-03-20 23:18:25,dark,Eat,1.077038,1.212555,1.130285,1.145128
2022-03-21 07:23:25,2022-03-20 23:23:25,dark,Eat,1.218983,1.199751,1.728631,1.283411
2022-03-21 07:28:25,2022-03-20 23:28:25,dark,Eat,1.24801,1.23721,1.591358,1.387651
2022-03-21 07:33:25,2022-03-20 23:33:25,dark,Eat,1.165559,1.259201,1.4979,1.791384
2022-03-21 07:38:25,2022-03-20 23:38:25,dark,Eat,1.128017,1.179458,1.315697,1.4898
2022-03-21 07:43:25,2022-03-20 23:43:25,dark,Eat,1.134676,1.256544,1.099275,1.369662
2022-03-21 07:48:25,2022-03-20 23:48:25,dark,Eat,1.137324,1.541924,1.251237,1.338657
2022-03-21 07:53:25,2022-03-20 23:53:25,dark,Eat,1.16398,1.810518,1.371297,1.293179
2022-03-21 07:58:25,2022-03-20 23:58:25,dark,Eat,1.355982,1.765584,1.326121,1.165139
2022-03-21 08:03:25,2022-03-21 00:03:25,light,Restrict,1.227376,1.653268,1.418081,1.306168
2022-03-21 08:08:25,2022-03-21 00:08:25,light,Restrict,1.028487,1.385203,1.255485,1.194079
2022-03-21 08:13:25,2022-03-21 00:13:25,light,Restrict,1.000809,1.301147,1.120689,1.31064
2022-03-21 08:18:25,2022-03-21 00:18:25,light,Restrict,1.028707,1.258209,1.210505,1.261378
2022-03-21 08:23:25,2022-03-21 00:23:25,light,Restrict,0.9857128,0.9957819,1.286668,1.198909
2022-03-21 08:28:25,2022-03-21 00:28:25,light,Restrict,1.229752,0.8407059,1.20133,1.243788
2022-03-21 08:33:25,2022-03-21 00:33:25,light,Restrict,1.228533,1.085315,1.310614,1.264568
2022-03-21 08:38:25,2022-03-21 00:38:25,light,Restrict,1.251438,1.148154,1.22314,1.255435
2022-03-21 08:43:25,2022-03-21 00:43:25,light,Restrict,1.147223,1.160422,1.129604,1.429449
2022-03-21 08:48:25,2022-03-21 00:48:25,light,Restrict,1.100951,1.163987,1.158692,1.46435
2022-03-21 08:53:25,2022-03-21 00:53:25,light,Restrict,0.9884561,1.098272,1.355934,1.094797
2022-03-21 08:58:25,2022-03-21 00:58:25,light,Restrict,1.111723,1.133572,1.563552,1.006882
2022-03-21 09:03:25,2022-03-21 01:03:25,light,Restrict,1.295671,1.150191,1.175438,1.02998
2022-03-21 09:08:25,2022-03-21 01:08:25,light,Restrict,1.290801,1.122007,1.059323,1.041265
2022-03-21 09:13:25,2022-03-21 01:13:25,light,Restrict,1.1352,1.146171,1.43582,1.451064
2022-03-21 09:18:25,2022-03-21 01:18:25,light,Restrict,0.863935,1.159915,1.71228,1.708828
2022-03-21 09:23:25,2022-03-21 01:23:25,light,Restrict,0.9426618,1.171597,1.827199,1.556671
2022-03-21 09:28:25,2022-03-21 01:28:25,light,Restrict,0.9648618,1.215681,2.062678,1.358969
2022-03-21 09:33:25,2022-03-21 01:33:25,light,Restrict,1.087376,1.002297,1.772157,1.286531
2022-03-21 09:38:25,2022-03-21 01:38:25,light,Restrict,1.602218,1.212966,1.658061,1.108126
2022-03-21 09:43:25,2022-03-21 01:43:25,light,Restrict,1.901197,1.317016,1.406599,1.260559
2022-03-21 09:48:25,2022-03-21 01:48:25,light,Restrict,1.6509,1.426778,1.353215,1.343163
2022-03-21 09:53:25,2022-03-21 01:53:25,light,Restrict,1.425116,1.474303,1.739569,1.127633
2022-03-21 09:58:25,2022-03-21 01:58:25,light,Restrict,1.271282,1.291415,1.599618,1.038343
2022-03-21 10:03:25,2022-03-21 02:03:25,light,Restrict,1.405826,1.02782,1.783248,1.244001
2022-03-21 10:08:25,2022-03-21 02:08:25,light,Restrict,1.287834,1.151177,1.553909,1.627564
2022-03-21 10:13:25,2022-03-21 02:13:25,light,Restrict,1.283234,1.235872,1.492125,1.387341
2022-03-21 10:18:25,2022-03-21 02:18:25,light,Restrict,1.194643,1.248029,1.688307,1.209703
2022-03-21 10:23:25,2022-03-21 02:23:25,light,Restrict,1.217631,1.309937,1.246613,1.202765
2022-03-21 10:28:25,2022-03-21 02:28:25,light,Restrict,1.080387,1.254774,1.154563,1.329502
2022-03-21 10:33:25,2022-03-21 02:33:25,light,Restrict,1.172685,1.10467,1.718095,1.399207
2022-03-21 10:38:25,2022-03-21 02:38:25,light,Restrict,1.202094,1.070163,1.533849,1.404578
2022-03-21 10:43:25,2022-03-21 02:43:25,light,Restrict,1.24769,1.208899,1.224297,1.461556
2022-03-21 10:48:25,2022-03-21 02:48:25,light,Restrict,1.233613,1.560865,0.9697256,1.409698
2022-03-21 10:53:25,2022-03-21 02:53:25,light,Restrict,1.259933,1.677983,0.9969306,1.140278
2022-03-21 10:58:25,2022-03-21 02:58:25,light,Restrict,1.123799,1.588079,1.2256,1.504658
2022-03-21 11:03:25,2022-03-21 03:03:25,light,Restrict,1.232237,1.404746,1.046367,1.753552
2022-03-21 11:08:25,2022-03-21 03:08:25,light,Restrict,1.231178,1.314209,1.224637,1.852691
2022-03-21 11:13:25,2022-03-21 03:13:25,light,Restrict,1.280302,0.9966542,1.217512,1.532974
2022-03-21 11:18:25,2022-03-21 03:18:25,light,Restrict,1.375612,0.9164818,1.458156,1.610849
2022-03-21 11:23:25,2022-03-21 03:23:25,light,Restrict,1.19168,0.9368506,1.311392,1.34589
2022-03-21 11:28:25,2022-03-21 03:28:25,light,Restrict,1.400906,0.9820414,1.484902,1.207566
2022-03-21 11:33:25,2022-03-21 03:33:25,light,Restrict,1.207798,0.989404,1.838964,1.330021
2022-03-21 11:38:25,2022-03-21 03:38:25,light,Restrict,1.154237,1.056302,1.644939,1.295496
2022-03-21 11:43:25,2022-03-21 03:43:25,light,Restrict,0.9024597,1.088206,1.405896,1.089862
2022-03-21 11:48:25,2022-03-21 03:48:25,light,Restrict,1.180517,1.038233,1.330114,1.151043
2022-03-21 11:53:25,2022-03-21 03:53:25,light,Restrict,1.00959,1.054105,1.448978,1.600444
2022-03-21 11:58:25,2022-03-21 03:58:25,light,Restrict,0.9556083,1.060877,1.349901,1.146565
2022-03-21 12:03:25,2022-03-21 04:03:25,light,Restrict,1.003787,1.024065,1.333846,1.111067
2022-03-21 12:08:25,2022-03-21 04:08:25,light,Restrict,1.252441,1.022833,1.244891,1.172704
2022-03-21 12:13:25,2022-03-21 04:13:25,light,Restrict,1.876146,1.169331,1.182517,1.150965
2022-03-21 12:18:25,2022-03-21 04:18:25,light,Restrict,1.574671,1.329874,1.242206,1.170641
2022-03-21 12:23:25,2022-03-21 04:23:25,light,Restrict,1.624834,1.167063,1.17909,1.228729
2022-03-21 12:28:25,2022-03-21 04:28:25,light,Restrict,1.160373,1.122945,1.225835,1.262452
2022-03-21 12:33:25,2022-03-21 04:33:25,light,Restrict,1.104519,1.326237,1.305587,1.234332
2022-03-21 12:38:25,2022-03-21 04:38:25,light,Restrict,1.139908,1.163161,1.303644,1.241193
2022-03-21 12:43:25,2022-03-21 04:43:25,light,Restrict,1.059906,1.225199,1.414714,1.409763
2022-03-21 12:48:25,2022-03-21 04:48:25,light,Restrict,1.065801,1.314621,1.002933,1.434167
2022-03-21 12:53:25,2022-03-21 04:53:25,light,Restrict,1.071034,1.35516,1.749722,1.247846
2022-03-21 12:58:25,2022-03-21 04:58:25,light,Restrict,1.136108,1.269945,2.057464,1.299778
2022-03-21 13:03:25,2022-03-21 05:03:25,light,Restrict,1.223329,1.241593,2.076972,1.209662
2022-03-21 13:08:25,2022-03-21 05:08:25,light,Restrict,1.124454,1.159249,1.539397,1.220572
2022-03-21 13:13:25,2022-03-21 05:13:25,light,Restrict,1.181593,1.223175,1.629427,1.260607
2022-03-21 13:18:25,2022-03-21 05:18:25,light,Restrict,1.235011,1.256515,1.641585,1.122852
2022-03-21 13:23:25,2022-03-21 05:23:25,light,Restrict,1.276513,1.32423,1.407911,1.085681
2022-03-21 13:28:25,2022-03-21 05:28:25,light,Restrict,1.422616,1.433699,1.682014,1.094129
2022-03-21 13:33:25,2022-03-21 05:33:25,light,Restrict,1.28732,1.444893,1.386404,1.124086
2022-03-21 13:38:25,2022-03-21 05:38:25,light,Restrict,1.275211,1.476736,1.112829,1.144493
2022-03-21 13:43:25,2022-03-21 05:43:25,light,Restrict,1.241641,1.309839,1.123466,1.157779
2022-03-21 13:48:25,2022-03-21 05:48:25,light,Restrict,1.490582,1.197052,1.513452,1.218191
2022-03-21 13:53:25,2022-03-21 05:53:25,light,Restrict,1.378393,1.190237,1.410069,1.393762
2022-03-21 13:58:25,2022-03-21 05:58:25,light,Restrict,1.364018,1.249547,1.400772,1.319311
2022-03-21 14:03:25,2022-03-21 06:03:25,light,Restrict,1.585632,1.226681,1.397738,1.22956
2022-03-21 14:08:25,2022-03-21 06:08:25,light,Restrict,1.168817,1.201259,1.227883,1.053088
2022-03-21 14:13:25,2022-03-21 06:13:25,light,Restrict,1.340828,1.195602,1.288431,1.221053
2022-03-21 14:18:25,2022-03-21 06:18:25,light,Restrict,1.312209,1.200523,1.244676,1.280515
2022-03-21 14:23:25,2022-03-21 06:23:25,light,Restrict,1.180679,1.092477,1.152226,1.325086
2022-03-21 14:28:25,2022-03-21 06:28:25,light,Restrict,1.032114,0.9729729,1.286474,1.599751
2022-03-21 14:33:25,2022-03-21 06:33:25,light,Restrict,0.9087746,0.9969313,1.35786,1.797748
2022-03-21 14:38:25,2022-03-21 06:38:25,light,Restrict,0.9620577,1.084118,1.370773,1.53536
2022-03-21 14:43:25,2022-03-21 06:43:25,light,Restrict,1.097396,1.356801,1.491031,1.535605
2022-03-21 14:48:25,2022-03-21 06:48:25,light,Restrict,1.147011,1.595023,1.193351,1.703452
2022-03-21 14:53:25,2022-03-21 06:53:25,light,Restrict,1.348077,1.83059,1.463607,1.436655
2022-03-21 14:58:25,2022-03-21 06:58:25,light,Restrict,1.173406,1.727293,1.533604,1.096592
2022-03-21 15:03:25,2022-03-21 07:03:25,light,Restrict,1.134027,1.614966,1.538094,1.173136
2022-03-21 15:08:25,2022-03-21 07:08:25,light,Restrict,1.167427,1.513685,1.418818,1.321208
2022-03-21 15:13:25,2022-03-21 07:13:25,light,Restrict,1.345214,1.47916,1.054164,1.251174
2022-03-21 15:18:25,2022-03-21 07:18:25,light,Restrict,1.709507,1.390698,1.336937,1.389509
2022-03-21 15:23:25,2022-03-21 07:23:25,light,Restrict,2.16559,1.516414,1.568872,1.36467
2022-03-21 15:28:25,2022-03-21 07:28:25,light,Restrict,1.739704,1.435042,1.138175,1.090378
2022-03-21 15:33:25,2022-03-21 07:33:25,light,Restrict,1.529327,1.102656,1.205262,1.317468
2022-03-21 15:38:25,2022-03-21 07:38:25,light,Restrict,1.449375,1.113188,1.210543,1.389936
2022-03-21 15:43:25,2022-03-21 07:43:25,light,Restrict,1.31902,1.224733,1.228118,1.113694
2022-03-21 15:48:25,2022-03-21 07:48:25,light,Restrict,1.43731,1.297978,1.396265,1.373083
2022-03-21 15:53:25,2022-03-21 07:53:25,light,Restrict,1.091729,1.337679,1.83515,1.537648
2022-03-21 15:58:25,2022-03-21 07:58:25,light,Restrict,0.9817309,1.488001,2.046849,1.570269
2022-03-21 16:03:25,2022-03-21 08:03:25,dark,Eat,0.9857942,1.874575,2.133716,1.890684
2022-03-21 16:08:25,2022-03-21 08:08:25,dark,Eat,1.063647,1.796011,2.031304,1.796933
2022-03-21 16:13:25,2022-03-21 08:13:25,dark,Eat,1.111017,1.734708,2.111935,1.790748
2022-03-21 16:18:25,2022-03-21 08:18:25,dark,Eat,1.334016,1.717997,1.979639,1.91634
2022-03-21 16:23:25,2022-03-21 08:23:25,dark,Eat,1.120614,1.734971,1.867106,1.690939
2022-03-21 16:28:25,2022-03-21 08:28:25,dark,Eat,1.197009,1.680364,1.797757,1.659151
2022-03-21 16:33:25,2022-03-21 08:33:25,dark,Eat,1.204905,1.626278,1.816401,1.411846
2022-03-21 16:38:25,2022-03-21 08:38:25,dark,Eat,1.392944,1.618465,1.842085,1.633833
2022-03-21 16:43:25,2022-03-21 08:43:25,dark,Eat,1.658466,2.099449,1.609117,1.744641
2022-03-21 16:48:25,2022-03-21 08:48:25,dark,Eat,1.679503,1.852094,1.660435,1.781811
2022-03-21 16:53:25,2022-03-21 08:53:25,dark,Eat,1.739853,1.63839,1.713394,2.097252
2022-03-21 16:58:25,2022-03-21 08:58:25,dark,Eat,1.400451,1.581056,2.138785,1.914885
2022-03-21 17:03:25,2022-03-21 09:03:25,dark,Eat,1.370321,1.850675,1.957498,1.978496
2022-03-21 17:08:25,2022-03-21 09:08:25,dark,Eat,1.423194,2.021141,1.947825,1.900218
2022-03-21 17:13:25,2022-03-21 09:13:25,dark,Eat,1.474936,2.036022,1.746715,2.034891
2022-03-21 17:18:25,2022-03-21 09:18:25,dark,Eat,1.627159,1.900226,2.005291,2.090346
2022-03-21 17:23:25,2022-03-21 09:23:25,dark,Eat,1.621267,2.039728,1.978753,1.744304
2022-03-21 17:28:25,2022-03-21 09:28:25,dark,Eat,1.885768,1.959491,1.745498,1.31658
2022-03-21 17:33:25,2022-03-21 09:33:25,dark,Eat,2.332258,1.796894,1.742939,1.719486
2022-03-21 17:38:25,2022-03-21 09:38:25,dark,Eat,1.916734,1.406911,1.911827,1.959243
2022-03-21 17:43:25,2022-03-21 09:43:25,dark,Eat,1.545131,1.429318,2.007561,1.770253
2022-03-21 17:48:25,2022-03-21 09:48:25,dark,Eat,1.321292,1.586356,2.166133,1.781971
2022-03-21 17:53:25,2022-03-21 09:53:25,dark,Eat,1.834855,1.883245,2.123713,1.939945
2022-03-21 17:58:25,2022-03-21 09:58:25,dark,Eat,1.82307,1.864135,2.101391,1.884849
2022-03-21 18:03:25,2022-03-21 10:03:25,dark,Eat,1.525053,2.018525,2.224715,2.134754
2022-03-21 18:08:25,2022-03-21 10:08:25,dark,Eat,1.653746,2.01499,2.017766,1.756117
2022-03-21 18:13:25,2022-03-21 10:13:25,dark,Eat,1.55024,2.049936,1.873809,1.992475
2022-03-21 18:18:25,2022-03-21 10:18:25,dark,Eat,1.627887,1.892224,1.765576,2.083419
2022-03-21 18:23:25,2022-03-21 10:23:25,dark,Eat,2.078171,2.152587,1.762632,1.7717
2022-03-21 18:28:25,2022-03-21 10:28:25,dark,Eat,2.259185,1.930514,1.931737,1.493674
2022-03-21 18:33:25,2022-03-21 10:33:25,dark,Eat,2.053753,1.957851,2.00285,2.079469
2022-03-21 18:38:25,2022-03-21 10:38:25,dark,Eat,1.693933,1.918378,2.287423,1.730912
2022-03-21 18:43:25,2022-03-21 10:43:25,dark,Eat,1.372532,1.740871,2.053692,2.25395
2022-03-21 18:48:25,2022-03-21 10:48:25,dark,Eat,1.44526,1.717654,2.150459,1.802179
2022-03-21 18:53:25,2022-03-21 10:53:25,dark,Eat,1.450027,1.493222,1.974641,1.698547
2022-03-21 18:58:25,2022-03-21 10:58:25,dark,Eat,1.683927,1.383257,1.778719,1.828463
2022-03-21 19:03:25,2022-03-21 11:03:25,dark,Eat,2.062596,1.419871,1.84269,1.916229
2022-03-21 19:08:25,2022-03-21 11:08:25,dark,Eat,2.115392,1.508314,1.755312,2.050298
2022-03-21 19:13:25,2022-03-21 11:13:25,dark,Eat,1.477733,1.082091,1.562115,1.642598
2022-03-21 19:18:25,2022-03-21 11:18:25,dark,Eat,1.890434,1.499777,1.868566,1.854497
2022-03-21 19:23:25,2022-03-21 11:23:25,dark,Eat,1.821499,1.552551,2.059295,1.916397
2022-03-21 19:28:25,2022-03-21 11:28:25,dark,Eat,1.937691,1.496889,1.980986,1.888814
2022-03-21 19:33:25,2022-03-21 11:33:25,dark,Eat,2.270306,1.651281,2.089835,2.008478
2022-03-21 19:38:25,2022-03-21 11:38:25,dark,Eat,1.324473,1.554854,1.956272,1.776753
2022-03-21 19:43:25,2022-03-21 11:43:25,dark,Eat,1.879965,1.29988,2.334682,1.766021
2022-03-21 19:48:25,2022-03-21 11:48:25,dark,Eat,2.153791,1.435659,2.454708,1.994178
2022-03-21 19:53:25,2022-03-21 11:53:25,dark,Eat,2.246637,1.58854,2.073113,2.081192
2022-03-21 19:58:25,2022-03-21 11:58:25,dark,Eat,2.226798,1.533386,2.380691,1.937443
2022-03-21 20:03:25,2022-03-21 12:03:25,dark,Eat,2.112023,1.675705,2.077522,1.861909
2022-03-21 20:08:25,2022-03-21 12:08:25,dark,Eat,1.793837,1.571654,2.040505,1.731972
2022-03-21 20:13:25,2022-03-21 12:13:25,dark,Eat,1.977596,1.61759,2.011628,1.969152
2022-03-21 20:18:25,2022-03-21 12:18:25,dark,Eat,2.19334,1.641499,1.99098,1.882771
2022-03-21 20:23:25,2022-03-21 12:23:25,dark,Eat,1.799029,1.552563,1.903282,1.972637
2022-03-21 20:28:25,2022-03-21 12:28:25,dark,Eat,1.559312,1.745325,1.763566,1.81918
2022-03-21 20:33:25,2022-03-21 12:33:25,dark,Eat,1.467355,1.923878,1.774294,1.80846
2022-03-21 20:38:25,2022-03-21 12:38:25,dark,Eat,1.568228,2.101656,1.788295,1.871345
2022-03-21 20:43:25,2022-03-21 12:43:25,dark,Eat,1.74328,2.275015,1.72765,1.928663
2022-03-21 20:48:25,2022-03-21 12:48:25,dark,Eat,2.060218,2.603557,1.704695,1.981981
2022-03-21 20:53:25,2022-03-21 12:53:25,dark,Eat,1.6003,2.101028,1.705792,1.940668
2022-03-21 20:58:25,2022-03-21 12:58:25,dark,Eat,1.717664,1.883037,1.76221,1.905351
2022-03-21 21:03:25,2022-03-21 13:03:25,dark,Eat,1.937192,2.069476,1.673603,1.678261
2022-03-21 21:08:25,2022-03-21 13:08:25,dark,Eat,2.024188,1.899428,1.626913,1.890158
2022-03-21 21:13:25,2022-03-21 13:13:25,dark,Eat,2.266304,1.702902,1.567423,1.978903
2022-03-21 21:18:25,2022-03-21 13:18:25,dark,Eat,1.765457,1.54538,1.78083,1.958165
2022-03-21 21:23:25,2022-03-21 13:23:25,dark,Eat,1.506618,1.65014,1.778705,1.861385
2022-03-21 21:28:25,2022-03-21 13:28:25,dark,Eat,1.513883,1.539714,1.817767,1.773869
2022-03-21 21:33:25,2022-03-21 13:33:25,dark,Eat,1.333106,1.436125,2.00471,2.053788
2022-03-21 21:38:25,2022-03-21 13:38:25,dark,Eat,1.604791,1.474942,1.906019,1.70125
2022-03-21 21:43:25,2022-03-21 13:43:25,dark,Eat,1.654033,1.343338,1.746578,1.92936
2022-03-21 21:48:25,2022-03-21 13:48:25,dark,Eat,1.63624,1.408972,1.786223,1.755325
2022-03-21 21:53:25,2022-03-21 13:53:25,dark,Eat,1.886381,1.633373,1.926766,1.830985
2022-03-21 21:58:25,2022-03-21 13:58:25,dark,Eat,1.838596,1.724663,2.142944,1.750816
2022-03-21 22:03:25,2022-03-21 14:03:25,dark,Eat,1.700589,1.761773,2.341705,1.581456
2022-03-21 22:08:25,2022-03-21 14:08:25,dark,Eat,1.942782,1.682885,2.640558,1.447887
2022-03-21 22:13:25,2022-03-21 14:13:25,dark,Eat,2.042939,1.810971,2.140871,1.663262
2022-03-21 22:18:25,2022-03-21 14:18:25,dark,Eat,1.79209,2.039789,1.67566,1.972481
2022-03-21 22:23:25,2022-03-21 14:23:25,dark,Eat,1.644367,2.264319,1.823521,2.605946
2022-03-21 22:28:25,2022-03-21 14:28:25,dark,Eat,1.690626,1.79078,1.825373,1.831964
2022-03-21 22:33:25,2022-03-21 14:33:25,dark,Eat,2.252471,2.006529,2.017534,1.620824
2022-03-21 22:38:25,2022-03-21 14:38:25,dark,Eat,2.302318,1.932804,1.957561,1.826442
2022-03-21 22:43:25,2022-03-21 14:43:25,dark,Eat,2.43038,1.517259,2.232635,1.81977
2022-03-21 22:48:25,2022-03-21 14:48:25,dark,Eat,2.198294,1.505584,2.218496,1.739915
2022-03-21 22:53:25,2022-03-21 14:53:25,dark,Eat,2.04812,1.55257,2.028756,1.786033
2022-03-21 22:58:25,2022-03-21 14:58:25,dark,Eat,2.023909,1.638002,2.24881,1.961548
2022-03-21 23:03:25,2022-03-21 15:03:25,dark,Eat,1.779964,1.679295,1.800321,1.850294
2022-03-21 23:08:25,2022-03-21 15:08:25,dark,Eat,1.83092,1.569848,1.974272,2.383428
2022-03-21 23:13:25,2022-03-21 15:13:25,dark,Eat,1.622856,1.660613,1.897224,1.887287
2022-03-21 23:18:25,2022-03-21 15:18:25,dark,Eat,1.327871,1.73627,1.868702,1.776038
2022-03-21 23:23:25,2022-03-21 15:23:25,dark,Eat,1.48516,1.781356,1.768288,1.970595
2022-03-21 23:28:25,2022-03-21 15:28:25,dark,Eat,1.843807,1.790299,1.603292,2.287545
2022-03-21 23:33:25,2022-03-21 15:33:25,dark,Eat,1.772903,1.940448,1.690863,2.245981
2022-03-21 23:38:25,2022-03-21 15:38:25,dark,Eat,1.562343,1.834269,1.667051,1.775981
2022-03-21 23:43:25,2022-03-21 15:43:25,dark,Eat,1.430705,1.55928,1.674039,1.573137
2022-03-21 23:48:25,2022-03-21 15:48:25,dark,Eat,1.620182,1.72254,1.627655,1.573157
2022-03-21 23:53:25,2022-03-21 15:53:25,dark,Eat,1.492806,1.260232,1.177863,1.442932
2022-03-21 23:58:25,2022-03-21 15:58:25,dark,Eat,1.870792,1.794614,1.10062,1.829269
2022-03-22 00:03:25,2022-03-21 16:03:25,dark,Eat,2.353546,1.950006,1.572704,1.958631
2022-03-22 00:08:25,2022-03-21 16:08:25,dark,Eat,2.107809,2.080707,1.693928,1.757154
2022-03-22 00:13:25,2022-03-21 16:13:25,dark,Eat,1.715024,2.095187,1.692218,1.816692
2022-03-22 00:18:25,2022-03-21 16:18:25,dark,Eat,1.47432,2.147497,1.682495,1.954862
2022-03-22 00:23:25,2022-03-21 16:23:25,dark,Eat,1.542456,1.964516,1.84972,1.711962
2022-03-22 00:28:25,2022-03-21 16:28:25,dark,Eat,1.651489,1.974656,1.828824,1.554347
2022-03-22 00:33:25,2022-03-21 16:33:25,dark,Eat,1.822551,1.763657,2.045745,1.73564
2022-03-22 00:38:25,2022-03-21 16:38:25,dark,Eat,1.480769,1.706814,2.031189,1.842925
2022-03-22 00:43:25,2022-03-21 16:43:25,dark,Eat,1.297825,1.673662,1.752846,1.568782
2022-03-22 00:48:25,2022-03-21 16:48:25,dark,Eat,1.349519,1.526892,1.956469,1.510722
2022-03-22 00:53:25,2022-03-21 16:53:25,dark,Eat,1.369307,1.788842,2.065492,1.678007
2022-03-22 00:58:25,2022-03-21 16:58:25,dark,Eat,1.400558,1.729422,1.907462,1.8135
2022-03-22 01:03:25,2022-03-21 17:03:25,dark,Eat,1.712391,1.664078,2.109075,1.71244
2022-03-22 01:08:25,2022-03-21 17:08:25,dark,Eat,1.929762,1.576771,2.17489,1.554559
2022-03-22 01:13:25,2022-03-21 17:13:25,dark,Eat,1.71713,1.686746,2.241341,1.727695
2022-03-22 01:18:25,2022-03-21 17:18:25,dark,Eat,1.568454,1.763612,2.169484,1.608604
2022-03-22 01:23:25,2022-03-21 17:23:25,dark,Eat,1.717825,1.775074,2.053464,1.691526
2022-03-22 01:28:25,2022-03-21 17:28:25,dark,Eat,1.713567,1.428642,1.87471,1.798231
2022-03-22 01:33:25,2022-03-21 17:33:25,dark,Eat,1.609297,1.523169,1.792789,1.927397
2022-03-22 01:38:25,2022-03-21 17:38:25,dark,Eat,1.607558,1.670191,1.618527,1.751231
2022-03-22 01:43:25,2022-03-21 17:43:25,dark,Eat,1.609841,1.37992,1.494675,1.589694
2022-03-22 01:48:25,2022-03-21 17:48:25,dark,Eat,1.707633,1.277161,1.640375,1.705196
2022-03-22 01:53:25,2022-03-21 17:53:25,dark,Eat,1.570552,1.430945,1.670712,1.478301
2022-03-22 01:58:25,2022-03-21 17:58:25,dark,Eat,2.057223,1.429061,1.804325,1.648857
2022-03-22 02:03:25,2022-03-21 18:03:25,dark,Eat,2.461614,1.502133,1.725388,1.643295
2022-03-22 02:08:25,2022-03-21 18:08:25,dark,Eat,2.247454,1.520426,1.834951,1.725503
2022-03-22 02:13:25,2022-03-21 18:13:25,dark,Eat,2.246169,1.469346,1.850736,1.254176
2022-03-22 02:18:25,2022-03-21 18:18:25,dark,Eat,2.160148,1.356681,1.679853,1.413745
2022-03-22 02:23:25,2022-03-21 18:23:25,dark,Eat,1.756347,1.406164,1.613176,1.477306
2022-03-22 02:28:25,2022-03-21 18:28:25,dark,Eat,1.900491,1.212156,1.858704,1.837651
2022-03-22 02:33:25,2022-03-21 18:33:25,dark,Eat,1.653788,1.218739,2.007659,1.840294
2022-03-22 02:38:25,2022-03-21 18:38:25,dark,Eat,1.870437,1.519807,1.657975,1.485436
2022-03-22 02:43:25,2022-03-21 18:43:25,dark,Eat,1.757133,1.720202,1.792099,1.336374
2022-03-22 02:48:25,2022-03-21 18:48:25,dark,Eat,1.599981,1.673856,1.938832,1.856177
2022-03-22 02:53:25,2022-03-21 18:53:25,dark,Eat,1.37418,1.408768,1.748539,1.245007
2022-03-22 02:58:25,2022-03-21 18:58:25,dark,Eat,1.23151,1.361334,1.752221,1.39018
2022-03-22 03:03:25,2022-03-21 19:03:25,dark,Eat,1.541229,1.51,1.760237,1.585563
2022-03-22 03:08:25,2022-03-21 19:08:25,dark,Eat,1.635002,1.649286,1.730864,1.749755
2022-03-22 03:13:25,2022-03-21 19:13:25,dark,Eat,1.39337,1.935906,2.061119,1.690493
2022-03-22 03:18:25,2022-03-21 19:18:25,dark,Eat,1.256595,2.177859,2.275189,2.113881
2022-03-22 03:23:25,2022-03-21 19:23:25,dark,Eat,1.626635,2.062632,1.972207,1.725052
2022-03-22 03:28:25,2022-03-21 19:28:25,dark,Eat,1.588492,1.802553,1.862892,1.626666
2022-03-22 03:33:25,2022-03-21 19:33:25,dark,Eat,1.417816,1.724445,1.4537,1.576076
2022-03-22 03:38:25,2022-03-21 19:38:25,dark,Eat,1.331539,1.776107,1.275426,1.554236
2022-03-22 03:43:25,2022-03-21 19:43:25,dark,Eat,1.548109,1.604583,1.767274,1.685841
2022-03-22 03:48:25,2022-03-21 19:48:25,dark,Eat,1.506521,1.669728,1.72193,1.765525
2022-03-22 03:53:25,2022-03-21 19:53:25,dark,Eat,1.352702,1.994595,1.654851,1.588143
2022-03-22 03:58:25,2022-03-21 19:58:25,dark,Eat,1.573389,1.813917,1.741632,1.487491
2022-03-22 04:03:25,2022-03-21 20:03:25,dark,Eat,1.927009,1.680372,1.854425,1.537447
2022-03-22 04:08:25,2022-03-21 20:08:25,dark,Eat,1.91831,1.764051,1.978465,1.322149
2022-03-22 04:13:25,2022-03-21 20:13:25,dark,Eat,1.956769,1.614324,1.810664,1.372376
2022-03-22 04:18:25,2022-03-21 20:18:25,dark,Eat,1.917542,1.58506,1.711596,1.6328
2022-03-22 04:23:25,2022-03-21 20:23:25,dark,Eat,1.957062,1.472848,1.938067,1.529103
2022-03-22 04:28:25,2022-03-21 20:28:25,dark,Eat,2.002697,1.108424,2.061077,1.335414
2022-03-22 04:33:25,2022-03-21 20:33:25,dark,Eat,1.992601,1.173706,2.146229,1.690529
2022-03-22 04:38:25,2022-03-21 20:38:25,dark,Eat,1.7938,1.339916,1.71595,1.877366
2022-03-22 04:43:25,2022-03-21 20:43:25,dark,Eat,1.70613,1.345845,1.549615,1.209455
2022-03-22 04:48:25,2022-03-21 20:48:25,dark,Eat,1.573225,1.374222,1.643545,1.367385
2022-03-22 04:53:25,2022-03-21 20:53:25,dark,Eat,1.711663,1.402752,1.579872,1.669338
2022-03-22 04:58:25,2022-03-21 20:58:25,dark,Eat,1.522552,1.424865,1.696831,1.749083
2022-03-22 05:03:25,2022-03-21 21:03:25,dark,Eat,1.657872,1.621063,1.719666,1.696468
2022-03-22 05:08:25,2022-03-21 21:08:25,dark,Eat,1.682519,1.716891,1.949065,1.743106
2022-03-22 05:13:25,2022-03-21 21:13:25,dark,Eat,1.289444,1.149615,1.919918,1.705351
2022-03-22 05:18:25,2022-03-21 21:18:25,dark,Eat,1.175803,1.114088,1.977852,1.675206
2022-03-22 05:23:25,2022-03-21 21:23:25,dark,Eat,1.193462,1.721549,1.825406,1.40578
2022-03-22 05:28:25,2022-03-21 21:28:25,dark,Eat,1.230636,1.234676,2.147413,1.355089
2022-03-22 05:33:25,2022-03-21 21:33:25,dark,Eat,1.264364,1.154677,2.405698,1.342677
2022-03-22 05:38:25,2022-03-21 21:38:25,dark,Eat,1.255327,1.166031,1.847231,1.306105
2022-03-22 05:43:25,2022-03-21 21:43:25,dark,Eat,1.193555,1.169775,1.805295,1.415866
2022-03-22 05:48:25,2022-03-21 21:48:25,dark,Eat,1.263871,1.194049,1.96411,1.500671
2022-03-22 05:53:25,2022-03-21 21:53:25,dark,Eat,1.271978,1.129437,1.984382,1.447867
2022-03-22 05:58:25,2022-03-21 21:58:25,dark,Eat,1.252822,1.156275,1.632039,1.423758
2022-03-22 06:03:25,2022-03-21 22:03:25,dark,Eat,1.309738,1.297144,1.8773,1.422198
2022-03-22 06:08:25,2022-03-21 22:08:25,dark,Eat,1.572209,1.387267,1.695987,1.255473
2022-03-22 06:13:25,2022-03-21 22:13:25,dark,Eat,1.685298,1.463322,1.475119,1.200572
2022-03-22 06:18:25,2022-03-21 22:18:25,dark,Eat,1.313775,1.358968,1.601229,1.326404
2022-03-22 06:23:25,2022-03-21 22:23:25,dark,Eat,1.261216,1.281233,1.431557,1.526645
2022-03-22 06:28:25,2022-03-21 22:28:25,dark,Eat,1.40867,1.236027,1.52333,1.547176
2022-03-22 06:33:25,2022-03-21 22:33:25,dark,Eat,1.622437,1.268639,1.76498,1.219806
2022-03-22 06:38:25,2022-03-21 22:38:25,dark,Eat,1.882105,1.284926,1.485712,1.224719
2022-03-22 06:43:25,2022-03-21 22:43:25,dark,Eat,1.414364,1.356283,1.542836,1.250272
2022-03-22 06:48:25,2022-03-21 22:48:25,dark,Eat,1.223111,1.344603,1.805236,1.457294
2022-03-22 06:53:25,2022-03-21 22:53:25,dark,Eat,1.078755,1.368937,1.651909,1.318733
2022-03-22 06:58:25,2022-03-21 22:58:25,dark,Eat,1.254405,1.302161,1.489432,1.588255
2022-03-22 07:03:25,2022-03-21 23:03:25,dark,Eat,1.438521,1.30981,1.429616,1.313954
2022-03-22 07:08:25,2022-03-21 23:08:25,dark,Eat,1.372327,1.29382,1.806729,1.254167
2022-03-22 07:13:25,2022-03-21 23:13:25,dark,Eat,1.315482,1.255804,1.5475,1.515715
2022-03-22 07:18:25,2022-03-21 23:18:25,dark,Eat,1.286867,1.649433,1.283754,1.374287
2022-03-22 07:23:25,2022-03-21 23:23:25,dark,Eat,1.323232,1.862932,1.749921,1.234671
2022-03-22 07:28:25,2022-03-21 23:28:25,dark,Eat,1.244142,1.858859,1.622563,1.79614
2022-03-22 07:33:25,2022-03-21 23:33:25,dark,Eat,1.207346,2.134875,1.520416,1.399089
2022-03-22 07:38:25,2022-03-21 23:38:25,dark,Eat,1.169562,1.624832,1.493863,1.051964
2022-03-22 07:43:25,2022-03-21 23:43:25,dark,Eat,1.211126,1.476737,0.9013146,1.189207
2022-03-22 07:48:25,2022-03-21 23:48:25,dark,Eat,1.138627,1.589921,1.112685,1.121201
2022-03-22 07:53:25,2022-03-21 23:53:25,dark,Eat,1.02793,1.286502,1.947469,1.386529
2022-03-22 07:58:25,2022-03-21 23:58:25,dark,Eat,1.054147,1.466007,1.598066,1.109961
2022-03-22 08:03:25,2022-03-22 00:03:25,light,Restrict,1.057852,1.456344,1.839423,1.125094
2022-03-22 08:08:25,2022-03-22 00:08:25,light,Restrict,1.247857,1.377933,1.666249,1.131082
2022-03-22 08:13:25,2022-03-22 00:13:25,light,Restrict,1.698956,1.650046,1.471347,1.056728
2022-03-22 08:18:25,2022-03-22 00:18:25,light,Restrict,1.336538,1.483319,1.385972,0.953411
2022-03-22 08:23:25,2022-03-22 00:23:25,light,Restrict,1.052685,1.399903,1.546319,1.024806
2022-03-22 08:28:25,2022-03-22 00:28:25,light,Restrict,1.032984,1.26868,1.511148,1.047342
2022-03-22 08:33:25,2022-03-22 00:33:25,light,Restrict,1.10222,0.9632872,1.75425,1.051586
2022-03-22 08:38:25,2022-03-22 00:38:25,light,Restrict,1.164461,1.069071,1.332781,1.092729
2022-03-22 08:43:25,2022-03-22 00:43:25,light,Restrict,1.179712,1.243514,1.068459,1.161764
2022-03-22 08:48:25,2022-03-22 00:48:25,light,Restrict,1.128931,1.342465,1.103163,1.249732
2022-03-22 08:53:25,2022-03-22 00:53:25,light,Restrict,1.185763,1.277927,1.686327,1.318396
2022-03-22 08:58:25,2022-03-22 00:58:25,light,Restrict,1.151498,1.202636,1.577237,1.727426
2022-03-22 09:03:25,2022-03-22 01:03:25,light,Restrict,1.239517,1.24564,1.390952,1.948273
2022-03-22 09:08:25,2022-03-22 01:08:25,light,Restrict,1.31186,1.295154,1.469868,1.794019
2022-03-22 09:13:25,2022-03-22 01:13:25,light,Restrict,1.36092,1.124733,1.463836,1.902467
2022-03-22 09:18:25,2022-03-22 01:18:25,light,Restrict,1.244429,1.108766,1.568212,1.000944
2022-03-22 09:23:25,2022-03-22 01:23:25,light,Restrict,1.280969,1.326044,1.635389,1.585475
2022-03-22 09:28:25,2022-03-22 01:28:25,light,Restrict,1.609537,1.457916,1.541676,1.483719
2022-03-22 09:33:25,2022-03-22 01:33:25,light,Restrict,1.860687,1.779938,1.342397,1.390423
2022-03-22 09:38:25,2022-03-22 01:38:25,light,Restrict,1.726348,1.443957,1.422601,1.289512
2022-03-22 09:43:25,2022-03-22 01:43:25,light,Restrict,1.988711,1.767465,1.755603,1.470246
2022-03-22 09:48:25,2022-03-22 01:48:25,light,Restrict,1.737462,1.784823,1.733326,1.815403
2022-03-22 09:53:25,2022-03-22 01:53:25,light,Restrict,1.507825,1.53993,1.732141,1.669271
2022-03-22 09:58:25,2022-03-22 01:58:25,light,Restrict,1.374383,1.384586,1.764751,1.386049
2022-03-22 10:03:25,2022-03-22 02:03:25,light,Restrict,1.673365,1.390998,1.560172,1.322586
2022-03-22 10:08:25,2022-03-22 02:08:25,light,Restrict,1.54451,1.38526,1.713915,1.087109
2022-03-22 10:13:25,2022-03-22 02:13:25,light,Restrict,1.437849,1.430239,1.499909,1.224588
2022-03-22 10:18:25,2022-03-22 02:18:25,light,Restrict,1.375196,1.220045,1.729016,1.425384
2022-03-22 10:23:25,2022-03-22 02:23:25,light,Restrict,1.102989,1.122339,1.554236,1.330745
2022-03-22 10:28:25,2022-03-22 02:28:25,light,Restrict,1.118417,1.13169,1.387901,1.413454
2022-03-22 10:33:25,2022-03-22 02:33:25,light,Restrict,1.196802,1.143042,1.322909,1.303999
2022-03-22 10:38:25,2022-03-22 02:38:25,light,Restrict,1.213751,1.121213,1.248149,1.317301
2022-03-22 10:43:25,2022-03-22 02:43:25,light,Restrict,1.124598,1.206494,1.295701,1.310031
2022-03-22 10:48:25,2022-03-22 02:48:25,light,Restrict,1.07413,1.194073,1.66894,1.270455
2022-03-22 10:53:25,2022-03-22 02:53:25,light,Restrict,1.240103,1.257748,1.473441,1.108865
2022-03-22 10:58:25,2022-03-22 02:58:25,light,Restrict,1.326684,1.345733,1.421524,1.077996
2022-03-22 11:03:25,2022-03-22 03:03:25,light,Restrict,1.282379,1.256883,1.276255,1.166017
2022-03-22 11:08:25,2022-03-22 03:08:25,light,Restrict,1.29634,1.247918,1.35607,1.203035
2022-03-22 11:13:25,2022-03-22 03:13:25,light,Restrict,1.4156,1.279524,1.344984,1.110324
2022-03-22 11:18:25,2022-03-22 03:18:25,light,Restrict,1.801929,1.22581,1.425091,1.016144
2022-03-22 11:23:25,2022-03-22 03:23:25,light,Restrict,1.943446,1.181131,1.3402,1.042492
2022-03-22 11:28:25,2022-03-22 03:28:25,light,Restrict,1.481848,1.177598,1.338824,1.024606
2022-03-22 11:33:25,2022-03-22 03:33:25,light,Restrict,1.494876,1.137636,1.319152,1.250343
2022-03-22 11:38:25,2022-03-22 03:38:25,light,Restrict,1.405861,1.113269,1.371395,1.145619
2022-03-22 11:43:25,2022-03-22 03:43:25,light,Restrict,1.10944,1.249733,1.25358,1.037693
2022-03-22 11:48:25,2022-03-22 03:48:25,light,Restrict,1.102397,1.241413,1.254753,1.060897
2022-03-22 11:53:25,2022-03-22 03:53:25,light,Restrict,1.030007,1.130056,1.353348,1.203281
2022-03-22 11:58:25,2022-03-22 03:58:25,light,Restrict,1.059121,1.226029,1.350472,1.379012
2022-03-22 12:03:25,2022-03-22 04:03:25,light,Restrict,1.025879,1.130456,1.579221,1.263892
2022-03-22 12:08:25,2022-03-22 04:08:25,light,Restrict,1.058792,1.095942,1.36399,1.449575
2022-03-22 12:13:25,2022-03-22 04:13:25,light,Restrict,1.08201,1.169804,1.26392,1.517418
2022-03-22 12:18:25,2022-03-22 04:18:25,light,Restrict,1.034187,1.714533,1.253486,1.709346
2022-03-22 12:23:25,2022-03-22 04:23:25,light,Restrict,1.052662,1.941446,1.17225,1.501665
2022-03-22 12:28:25,2022-03-22 04:28:25,light,Restrict,1.112131,1.607002,1.531389,1.369162
2022-03-22 12:33:25,2022-03-22 04:33:25,light,Restrict,1.305291,1.440975,1.439924,0.8408931
2022-03-22 12:38:25,2022-03-22 04:38:25,light,Restrict,1.315983,1.310584,1.507538,1.029007
2022-03-22 12:43:25,2022-03-22 04:43:25,light,Restrict,1.081018,1.084698,1.291057,1.53085
2022-03-22 12:48:25,2022-03-22 04:48:25,light,Restrict,1.097602,1.084244,1.368118,1.803694
2022-03-22 12:53:25,2022-03-22 04:53:25,light,Restrict,1.275393,1.153836,1.479597,1.924917
2022-03-22 12:58:25,2022-03-22 04:58:25,light,Restrict,1.242264,1.245579,1.649698,1.61592
2022-03-22 13:03:25,2022-03-22 05:03:25,light,Restrict,1.240498,1.216773,1.519813,1.442872
2022-03-22 13:08:25,2022-03-22 05:08:25,light,Restrict,1.25658,1.191761,1.599719,1.34845
2022-03-22 13:13:25,2022-03-22 05:13:25,light,Restrict,1.344094,1.209688,1.403744,1.078678
2022-03-22 13:18:25,2022-03-22 05:18:25,light,Restrict,1.426371,1.13233,1.062818,1.139778
2022-03-22 13:23:25,2022-03-22 05:23:25,light,Restrict,1.438456,1.073788,1.013825,1.175299
2022-03-22 13:28:25,2022-03-22 05:28:25,light,Restrict,1.400939,1.123917,1.069897,1.235604
2022-03-22 13:33:25,2022-03-22 05:33:25,light,Restrict,1.202936,1.229067,1.170372,1.248114
2022-03-22 13:38:25,2022-03-22 05:38:25,light,Restrict,1.131124,1.190579,1.336455,1.239368
2022-03-22 13:43:25,2022-03-22 05:43:25,light,Restrict,1.260455,1.192632,1.383858,1.179152
2022-03-22 13:48:25,2022-03-22 05:48:25,light,Restrict,1.277369,1.199234,1.35789,1.000686
2022-03-22 13:53:25,2022-03-22 05:53:25,light,Restrict,1.146447,1.14867,1.324474,1.017784
2022-03-22 13:58:25,2022-03-22 05:58:25,light,Restrict,1.207559,1.300418,1.431392,1.094097
2022-03-22 14:03:25,2022-03-22 06:03:25,light,Restrict,1.122246,1.355958,1.350742,1.024357
2022-03-22 14:08:25,2022-03-22 06:08:25,light,Restrict,1.170945,1.165113,1.287191,0.8757448
2022-03-22 14:13:25,2022-03-22 06:13:25,light,Restrict,1.274952,1.320039,1.261782,1.142763
2022-03-22 14:18:25,2022-03-22 06:18:25,light,Restrict,1.241577,1.749911,1.345462,1.273422
2022-03-22 14:23:25,2022-03-22 06:23:25,light,Restrict,1.273264,1.57074,1.261005,1.348662
2022-03-22 14:28:25,2022-03-22 06:28:25,light,Restrict,1.380591,1.475833,1.438187,1.35648
2022-03-22 14:33:25,2022-03-22 06:33:25,light,Restrict,1.607246,1.423,1.482255,1.678346
2022-03-22 14:38:25,2022-03-22 06:38:25,light,Restrict,1.454487,1.326842,1.752401,1.642736
2022-03-22 14:43:25,2022-03-22 06:43:25,light,Restrict,1.383266,1.153085,1.605629,1.286593
2022-03-22 14:48:25,2022-03-22 06:48:25,light,Restrict,1.060928,1.18656,1.2407,1.030432
2022-03-22 14:53:25,2022-03-22 06:53:25,light,Restrict,1.051602,1.246241,1.17431,1.108676
2022-03-22 14:58:25,2022-03-22 06:58:25,light,Restrict,1.185611,1.264652,1.228693,1.023217
2022-03-22 15:03:25,2022-03-22 07:03:25,light,Restrict,1.29918,1.21025,1.352512,1.122427
2022-03-22 15:08:25,2022-03-22 07:08:25,light,Restrict,1.322771,1.300758,1.367821,1.157854
2022-03-22 15:13:25,2022-03-22 07:13:25,light,Restrict,1.235963,1.318243,1.32445,1.137818
2022-03-22 15:18:25,2022-03-22 07:18:25,light,Restrict,1.254741,1.23751,1.351524,1.313535
2022-03-22 15:23:25,2022-03-22 07:23:25,light,Restrict,1.216256,1.200213,1.319995,1.665227
2022-03-22 15:28:25,2022-03-22 07:28:25,light,Restrict,1.348076,1.616958,1.50618,1.768196
2022-03-22 15:33:25,2022-03-22 07:33:25,light,Restrict,1.122535,1.513519,1.312642,1.901663
2022-03-22 15:38:25,2022-03-22 07:38:25,light,Restrict,1.063257,1.411832,1.26496,1.49032
2022-03-22 15:43:25,2022-03-22 07:43:25,light,Restrict,1.291832,1.191792,1.508357,1.518594
2022-03-22 15:48:25,2022-03-22 07:48:25,light,Restrict,1.173154,1.06206,1.797475,1.371331
2022-03-22 15:53:25,2022-03-22 07:53:25,light,Restrict,1.148809,1.191014,1.654602,1.02455
2022-03-22 15:58:25,2022-03-22 07:58:25,light,Restrict,1.144397,1.198465,1.817868,1.343535
2022-03-22 16:03:25,2022-03-22 08:03:25,dark,Eat,1.768033,1.841829,2.05292,1.425357
2022-03-22 16:08:25,2022-03-22 08:08:25,dark,Eat,1.800099,1.755896,1.684589,1.824792
2022-03-22 16:13:25,2022-03-22 08:13:25,dark,Eat,1.77228,1.728173,1.657245,1.586933
2022-03-22 16:18:25,2022-03-22 08:18:25,dark,Eat,1.74884,1.564067,1.571543,1.626856
2022-03-22 16:23:25,2022-03-22 08:23:25,dark,Eat,1.79084,1.457292,1.665892,1.520817
2022-03-22 16:28:25,2022-03-22 08:28:25,dark,Eat,1.528297,1.557689,1.577743,1.485495
2022-03-22 16:33:25,2022-03-22 08:33:25,dark,Eat,1.437108,1.678131,1.638859,1.977197
2022-03-22 16:38:25,2022-03-22 08:38:25,dark,Eat,1.60622,1.781102,1.702084,1.898783
2022-03-22 16:43:25,2022-03-22 08:43:25,dark,Eat,1.567534,1.802282,1.842766,1.84036
2022-03-22 16:48:25,2022-03-22 08:48:25,dark,Eat,1.586583,1.79373,1.934477,1.886403
2022-03-22 16:53:25,2022-03-22 08:53:25,dark,Eat,1.737406,1.76686,2.015764,1.792974
2022-03-22 16:58:25,2022-03-22 08:58:25,dark,Eat,1.605976,2.291697,2.246855,2.084821
2022-03-22 17:03:25,2022-03-22 09:03:25,dark,Eat,1.489279,2.052538,2.321672,1.860817
2022-03-22 17:08:25,2022-03-22 09:08:25,dark,Eat,1.779811,2.093288,1.864959,1.843319
2022-03-22 17:13:25,2022-03-22 09:13:25,dark,Eat,1.924475,1.885134,1.88364,1.801373
2022-03-22 17:18:25,2022-03-22 09:18:25,dark,Eat,1.979769,1.728036,1.830991,2.104516
2022-03-22 17:23:25,2022-03-22 09:23:25,dark,Eat,1.729576,2.008953,1.948665,2.081776
2022-03-22 17:28:25,2022-03-22 09:28:25,dark,Eat,2.038662,2.178062,2.217317,1.929949
2022-03-22 17:33:25,2022-03-22 09:33:25,dark,Eat,2.11916,1.66739,2.292277,2.100699
2022-03-22 17:38:25,2022-03-22 09:38:25,dark,Eat,1.787526,1.585788,2.562032,1.659019
2022-03-22 17:43:25,2022-03-22 09:43:25,dark,Eat,1.729963,1.882316,2.420143,1.899413
2022-03-22 17:48:25,2022-03-22 09:48:25,dark,Eat,2.040973,1.967276,2.048466,1.77258
2022-03-22 17:53:25,2022-03-22 09:53:25,dark,Eat,2.053884,1.897185,1.975609,1.67296
2022-03-22 17:58:25,2022-03-22 09:58:25,dark,Eat,2.06077,1.868462,1.76728,1.711066
2022-03-22 18:03:25,2022-03-22 10:03:25,dark,Eat,2.251274,1.870354,1.705884,1.938695
2022-03-22 18:08:25,2022-03-22 10:08:25,dark,Eat,2.260766,2.093242,1.863635,2.369917
2022-03-22 18:13:25,2022-03-22 10:13:25,dark,Eat,2.093489,2.432013,1.861663,2.226374
2022-03-22 18:18:25,2022-03-22 10:18:25,dark,Eat,2.066282,2.099993,2.148869,2.194189
2022-03-22 18:23:25,2022-03-22 10:23:25,dark,Eat,1.688265,2.032141,2.355542,1.960589
2022-03-22 18:28:25,2022-03-22 10:28:25,dark,Eat,1.55123,2.138398,1.906242,1.997112
2022-03-22 18:33:25,2022-03-22 10:33:25,dark,Eat,1.528033,2.026968,1.734567,1.835877
2022-03-22 18:38:25,2022-03-22 10:38:25,dark,Eat,1.580022,1.811713,1.889708,1.794833
2022-03-22 18:43:25,2022-03-22 10:43:25,dark,Eat,1.637657,1.762034,2.433181,1.60544
2022-03-22 18:48:25,2022-03-22 10:48:25,dark,Eat,1.998808,1.550185,1.682781,1.553719
2022-03-22 18:53:25,2022-03-22 10:53:25,dark,Eat,1.800662,1.513625,2.012507,1.836647
2022-03-22 18:58:25,2022-03-22 10:58:25,dark,Eat,1.919521,1.530873,1.766864,1.963695
2022-03-22 19:03:25,2022-03-22 11:03:25,dark,Eat,1.869433,1.346613,1.975396,1.800253
2022-03-22 19:08:25,2022-03-22 11:08:25,dark,Eat,2.013782,1.433273,2.305142,1.744111
2022-03-22 19:13:25,2022-03-22 11:13:25,dark,Eat,1.752809,1.497964,2.312497,1.926565
2022-03-22 19:18:25,2022-03-22 11:18:25,dark,Eat,1.624325,1.922821,2.106982,1.593427
2022-03-22 19:23:25,2022-03-22 11:23:25,dark,Eat,1.659791,1.929985,2.104749,1.808888
2022-03-22 19:28:25,2022-03-22 11:28:25,dark,Eat,1.958353,1.890227,1.488206,1.996959
2022-03-22 19:33:25,2022-03-22 11:33:25,dark,Eat,2.315715,1.944413,1.542655,1.982325
2022-03-22 19:38:25,2022-03-22 11:38:25,dark,Eat,2.337853,2.102835,1.895258,2.058277
2022-03-22 19:43:25,2022-03-22 11:43:25,dark,Eat,2.273961,2.236423,1.849382,1.854831
2022-03-22 19:48:25,2022-03-22 11:48:25,dark,Eat,2.063113,1.915799,1.895803,1.652962
2022-03-22 19:53:25,2022-03-22 11:53:25,dark,Eat,1.869457,1.914737,1.820215,1.732232
2022-03-22 19:58:25,2022-03-22 11:58:25,dark,Eat,1.892163,1.685299,2.158229,1.859965
2022-03-22 20:03:25,2022-03-22 12:03:25,dark,Eat,1.744232,1.503557,2.280687,1.766256
2022-03-22 20:08:25,2022-03-22 12:08:25,dark,Eat,1.523077,1.632715,2.322515,1.698755
2022-03-22 20:13:25,2022-03-22 12:13:25,dark,Eat,1.432751,1.658097,2.174121,1.572644
2022-03-22 20:18:25,2022-03-22 12:18:25,dark,Eat,1.544519,1.648827,2.077083,1.795716
2022-03-22 20:23:25,2022-03-22 12:23:25,dark,Eat,1.743969,1.663237,2.192634,1.817292
2022-03-22 20:28:25,2022-03-22 12:28:25,dark,Eat,2.068234,1.719912,1.907557,2.080295
2022-03-22 20:33:25,2022-03-22 12:33:25,dark,Eat,1.967035,1.912952,1.633128,2.309942
2022-03-22 20:38:25,2022-03-22 12:38:25,dark,Eat,1.756667,2.033923,1.982171,2.133392
2022-03-22 20:43:25,2022-03-22 12:43:25,dark,Eat,1.747222,1.956714,1.712561,1.806546
2022-03-22 20:48:25,2022-03-22 12:48:25,dark,Eat,1.912992,1.894809,2.296374,1.90283
2022-03-22 20:53:25,2022-03-22 12:53:25,dark,Eat,1.80089,2.083648,2.309095,1.882388
2022-03-22 20:58:25,2022-03-22 12:58:25,dark,Eat,1.674918,2.095977,2.230067,2.271427
2022-03-22 21:03:25,2022-03-22 13:03:25,dark,Eat,1.750355,2.088062,2.12184,2.05436
2022-03-22 21:08:25,2022-03-22 13:08:25,dark,Eat,1.81959,1.982739,2.022779,2.02384
2022-03-22 21:13:25,2022-03-22 13:13:25,dark,Eat,1.923651,2.246394,2.144557,1.994672
2022-03-22 21:18:25,2022-03-22 13:18:25,dark,Eat,1.981551,1.902322,2.221995,1.85674
2022-03-22 21:23:25,2022-03-22 13:23:25,dark,Eat,2.252612,1.715868,1.806173,1.929039
2022-03-22 21:28:25,2022-03-22 13:28:25,dark,Eat,2.390538,1.790986,1.116327,1.809485
2022-03-22 21:33:25,2022-03-22 13:33:25,dark,Eat,2.338508,1.478149,1.673745,1.928835
2022-03-22 21:38:25,2022-03-22 13:38:25,dark,Eat,2.302862,1.452569,1.545267,1.751347
2022-03-22 21:43:25,2022-03-22 13:43:25,dark,Eat,2.20065,1.595136,1.630621,1.549558
2022-03-22 21:48:25,2022-03-22 13:48:25,dark,Eat,2.096619,1.835611,2.085878,1.872898
2022-03-22 21:53:25,2022-03-22 13:53:25,dark,Eat,2.034207,2.013895,2.264408,1.757004
2022-03-22 21:58:25,2022-03-22 13:58:25,dark,Eat,1.918736,1.877725,2.13919,1.775501
2022-03-22 22:03:25,2022-03-22 14:03:25,dark,Eat,1.842245,1.944513,2.151011,1.840182
2022-03-22 22:08:25,2022-03-22 14:08:25,dark,Eat,1.538041,1.989432,1.794383,1.902937
2022-03-22 22:13:25,2022-03-22 14:13:25,dark,Eat,1.47196,1.960433,1.679247,1.892412
2022-03-22 22:18:25,2022-03-22 14:18:25,dark,Eat,1.562233,1.987843,2.189559,2.22523
2022-03-22 22:23:25,2022-03-22 14:23:25,dark,Eat,1.612841,1.837361,2.380646,1.920843
2022-03-22 22:28:25,2022-03-22 14:28:25,dark,Eat,1.611838,2.053616,1.481279,2.005932
2022-03-22 22:33:25,2022-03-22 14:33:25,dark,Eat,1.609239,2.073018,1.535448,1.66674
2022-03-22 22:38:25,2022-03-22 14:38:25,dark,Eat,1.729146,2.355214,2.069094,1.549888
2022-03-22 22:43:25,2022-03-22 14:43:25,dark,Eat,1.633321,2.252097,2.381238,1.691931
2022-03-22 22:48:25,2022-03-22 14:48:25,dark,Eat,1.807874,2.19075,2.246051,1.890666
2022-03-22 22:53:25,2022-03-22 14:53:25,dark,Eat,1.741942,1.669184,2.117535,1.849476
2022-03-22 22:58:25,2022-03-22 14:58:25,dark,Eat,1.67915,1.47869,1.97213,1.691114
2022-03-22 23:03:25,2022-03-22 15:03:25,dark,Eat,1.761381,1.572052,1.94662,2.003164
2022-03-22 23:08:25,2022-03-22 15:08:25,dark,Eat,2.175595,1.839304,2.217054,2.033058
2022-03-22 23:13:25,2022-03-22 15:13:25,dark,Eat,1.84313,1.853374,1.865913,1.934705
2022-03-22 23:18:25,2022-03-22 15:18:25,dark,Eat,1.589131,1.850024,1.792508,2.058519
2022-03-22 23:23:25,2022-03-22 15:23:25,dark,Eat,1.663077,1.756581,1.819593,2.168007
2022-03-22 23:28:25,2022-03-22 15:28:25,dark,Eat,1.729515,1.973935,1.686067,2.021995
2022-03-22 23:33:25,2022-03-22 15:33:25,dark,Eat,1.786915,1.944258,1.401057,1.704978
2022-03-22 23:38:25,2022-03-22 15:38:25,dark,Eat,2.020404,1.83666,1.419668,1.929602
2022-03-22 23:43:25,2022-03-22 15:43:25,dark,Eat,2.368865,1.825712,1.701361,1.945358
2022-03-22 23:48:25,2022-03-22 15:48:25,dark,Eat,2.430547,2.172109,1.59684,1.990319
2022-03-22 23:53:25,2022-03-22 15:53:25,dark,Eat,2.333135,2.057329,2.001988,2.050772
2022-03-22 23:58:25,2022-03-22 15:58:25,dark,Eat,2.44801,2.174439,2.008825,1.609684
2022-03-23 00:03:25,2022-03-22 16:03:25,dark,Eat,2.192893,2.269228,1.71727,1.609388
2022-03-23 00:08:25,2022-03-22 16:08:25,dark,Eat,2.535243,2.396746,2.174487,2.261762
2022-03-23 00:13:25,2022-03-22 16:13:25,dark,Eat,2.344495,2.338059,2.036053,2.223209
2022-03-23 00:18:25,2022-03-22 16:18:25,dark,Eat,2.05661,2.041448,2.109349,2.006112
2022-03-23 00:23:25,2022-03-22 16:23:25,dark,Eat,1.813565,1.995789,2.189158,2.414292
2022-03-23 00:28:25,2022-03-22 16:28:25,dark,Eat,1.760198,1.782733,2.275978,2.133932
2022-03-23 00:33:25,2022-03-22 16:33:25,dark,Eat,1.666983,1.856877,2.055079,1.860724
2022-03-23 00:38:25,2022-03-22 16:38:25,dark,Eat,1.413576,2.046077,2.065429,1.995248
2022-03-23 00:43:25,2022-03-22 16:43:25,dark,Eat,1.503804,1.746212,1.982162,2.212275
2022-03-23 00:48:25,2022-03-22 16:48:25,dark,Eat,1.635888,1.430578,1.681076,1.651485
2022-03-23 00:53:25,2022-03-22 16:53:25,dark,Eat,1.627729,1.203172,1.654734,1.643218
2022-03-23 00:58:25,2022-03-22 16:58:25,dark,Eat,1.667673,1.329463,1.664259,1.522026
2022-03-23 01:03:25,2022-03-22 17:03:25,dark,Eat,1.61926,1.515174,1.856493,1.391203
2022-03-23 01:08:25,2022-03-22 17:08:25,dark,Eat,1.694072,1.758817,2.066199,1.598825
2022-03-23 01:13:25,2022-03-22 17:13:25,dark,Eat,1.437966,1.795137,2.217064,1.718322
2022-03-23 01:18:25,2022-03-22 17:18:25,dark,Eat,1.492244,1.702905,2.133802,1.723961
2022-03-23 01:23:25,2022-03-22 17:23:25,dark,Eat,1.706667,1.787174,1.966101,1.676023
2022-03-23 01:28:25,2022-03-22 17:28:25,dark,Eat,1.664371,1.675606,1.69751,1.691999
2022-03-23 01:33:25,2022-03-22 17:33:25,dark,Eat,1.704465,1.623083,1.814556,1.682356
2022-03-23 01:38:25,2022-03-22 17:38:25,dark,Eat,1.638376,1.472218,1.720286,1.658232
2022-03-23 01:43:25,2022-03-22 17:43:25,dark,Eat,1.894991,1.670312,1.823753,1.77589
2022-03-23 01:48:25,2022-03-22 17:48:25,dark,Eat,1.906611,1.876733,1.576009,1.930345
2022-03-23 01:53:25,2022-03-22 17:53:25,dark,Eat,1.42462,1.732226,1.708979,1.867414
2022-03-23 01:58:25,2022-03-22 17:58:25,dark,Eat,1.714464,1.443884,1.667957,1.468609
2022-03-23 02:03:25,2022-03-22 18:03:25,dark,Eat,1.987393,1.531176,1.803862,1.536372
2022-03-23 02:08:25,2022-03-22 18:08:25,dark,Eat,2.513631,1.75388,1.799927,1.465983
2022-03-23 02:13:25,2022-03-22 18:13:25,dark,Eat,2.139729,1.883428,1.924936,1.557423
2022-03-23 02:18:25,2022-03-22 18:18:25,dark,Eat,1.966591,1.922843,1.977467,1.839476
2022-03-23 02:23:25,2022-03-22 18:23:25,dark,Eat,1.822808,1.867327,1.422997,1.96252
2022-03-23 02:28:25,2022-03-22 18:28:25,dark,Eat,1.987703,1.653616,1.318686,1.915442
2022-03-23 02:33:25,2022-03-22 18:33:25,dark,Eat,1.76374,1.689894,1.37139,2.10062
2022-03-23 02:38:25,2022-03-22 18:38:25,dark,Eat,1.857052,1.951926,1.435318,1.741319
2022-03-23 02:43:25,2022-03-22 18:43:25,dark,Eat,1.684844,2.102757,1.469488,1.732494
2022-03-23 02:48:25,2022-03-22 18:48:25,dark,Eat,1.950759,1.677446,1.253426,1.456698
2022-03-23 02:53:25,2022-03-22 18:53:25,dark,Eat,1.662032,1.391175,1.370256,1.461668
2022-03-23 02:58:25,2022-03-22 18:58:25,dark,Eat,1.547114,1.633338,1.474376,1.545289
2022-03-23 03:03:25,2022-03-22 19:03:25,dark,Eat,1.264864,1.796757,1.667239,1.530961
2022-03-23 03:08:25,2022-03-22 19:08:25,dark,Eat,1.238815,1.914295,1.788258,1.636734
2022-03-23 03:13:25,2022-03-22 19:13:25,dark,Eat,1.501833,1.921266,2.036951,1.868464
2022-03-23 03:18:25,2022-03-22 19:18:25,dark,Eat,1.555719,2.013613,1.396764,1.478075
2022-03-23 03:23:25,2022-03-22 19:23:25,dark,Eat,1.532105,2.228799,1.059382,1.413565
2022-03-23 03:28:25,2022-03-22 19:28:25,dark,Eat,1.370439,1.837851,1.560292,1.841863
2022-03-23 03:33:25,2022-03-22 19:33:25,dark,Eat,1.446279,1.653736,1.719616,1.970102
2022-03-23 03:38:25,2022-03-22 19:38:25,dark,Eat,1.591234,1.364426,1.81605,1.874267
2022-03-23 03:43:25,2022-03-22 19:43:25,dark,Eat,1.523219,1.190039,1.577093,1.910653
2022-03-23 03:48:25,2022-03-22 19:48:25,dark,Eat,1.523954,1.471053,1.761812,1.671762
2022-03-23 03:53:25,2022-03-22 19:53:25,dark,Eat,1.656767,1.724749,1.408667,1.593926
2022-03-23 03:58:25,2022-03-22 19:58:25,dark,Eat,1.658999,1.719235,1.636365,1.559217
2022-03-23 04:03:25,2022-03-22 20:03:25,dark,Eat,1.625742,1.766905,1.519388,1.564714
2022-03-23 04:08:25,2022-03-22 20:08:25,dark,Eat,1.633937,1.705637,1.431876,1.81671
2022-03-23 04:13:25,2022-03-22 20:13:25,dark,Eat,1.295029,1.52978,1.563026,1.57945
2022-03-23 04:18:25,2022-03-22 20:18:25,dark,Eat,1.169208,1.94484,1.846277,1.464807
2022-03-23 04:23:25,2022-03-22 20:23:25,dark,Eat,1.232889,2.022051,1.476765,1.402143
2022-03-23 04:28:25,2022-03-22 20:28:25,dark,Eat,1.345492,1.952405,1.574804,1.170819
2022-03-23 04:33:25,2022-03-22 20:33:25,dark,Eat,1.358477,1.858743,1.800194,1.26231
2022-03-23 04:38:25,2022-03-22 20:38:25,dark,Eat,1.560649,1.710343,1.768455,1.48123
2022-03-23 04:43:25,2022-03-22 20:43:25,dark,Eat,1.561811,1.784352,1.708999,1.391236
2022-03-23 04:48:25,2022-03-22 20:48:25,dark,Eat,1.665921,1.709285,1.831218,1.532116
2022-03-23 04:53:25,2022-03-22 20:53:25,dark,Eat,1.918,1.628532,1.779416,1.541692
2022-03-23 04:58:25,2022-03-22 20:58:25,dark,Eat,1.85615,1.607388,1.580281,1.522088
2022-03-23 05:03:25,2022-03-22 21:03:25,dark,Eat,1.536317,1.544203,1.774581,1.332256
2022-03-23 05:08:25,2022-03-22 21:08:25,dark,Eat,1.24254,1.252644,1.910482,1.413502
2022-03-23 05:13:25,2022-03-22 21:13:25,dark,Eat,1.248477,1.411342,1.381669,1.353409
2022-03-23 05:18:25,2022-03-22 21:18:25,dark,Eat,1.258682,1.4934,1.30253,1.702782
2022-03-23 05:23:25,2022-03-22 21:23:25,dark,Eat,1.324046,1.208009,1.214849,2.204401
2022-03-23 05:28:25,2022-03-22 21:28:25,dark,Eat,1.25074,1.30826,1.201622,1.774678
2022-03-23 05:33:25,2022-03-22 21:33:25,dark,Eat,1.293396,1.569352,1.483096,1.885126
2022-03-23 05:38:25,2022-03-22 21:38:25,dark,Eat,1.468628,1.394956,1.429976,1.554945
2022-03-23 05:43:25,2022-03-22 21:43:25,dark,Eat,1.365881,1.462321,1.160765,1.404404
2022-03-23 05:48:25,2022-03-22 21:48:25,dark,Eat,1.221311,1.41119,1.554228,1.24818
2022-03-23 05:53:25,2022-03-22 21:53:25,dark,Eat,1.294094,1.414752,1.342667,1.210387
2022-03-23 05:58:25,2022-03-22 21:58:25,dark,Eat,1.301105,1.594039,1.499562,1.112026
2022-03-23 06:03:25,2022-03-22 22:03:25,dark,Eat,1.647753,1.475204,1.464001,1.118438
2022-03-23 06:08:25,2022-03-22 22:08:25,dark,Eat,1.726038,1.279878,1.294912,1.063046
2022-03-23 06:13:25,2022-03-22 22:13:25,dark,Eat,1.754225,1.291307,1.488338,1.081627
2022-03-23 06:18:25,2022-03-22 22:18:25,dark,Eat,1.646236,1.127743,1.449568,1.127047
2022-03-23 06:23:25,2022-03-22 22:23:25,dark,Eat,1.942795,1.279364,1.076643,1.07077
2022-03-23 06:28:25,2022-03-22 22:28:25,dark,Eat,1.637604,1.670425,1.118452,1.090599
2022-03-23 06:33:25,2022-03-22 22:33:25,dark,Eat,1.441092,1.57272,1.321315,1.08412
2022-03-23 06:38:25,2022-03-22 22:38:25,dark,Eat,1.410881,1.441227,1.277925,0.9974965
2022-03-23 06:43:25,2022-03-22 22:43:25,dark,Eat,1.348845,1.657542,1.121889,1.132422
2022-03-23 06:48:25,2022-03-22 22:48:25,dark,Eat,1.185607,1.66131,1.112025,1.20511
2022-03-23 06:53:25,2022-03-22 22:53:25,dark,Eat,0.9488298,1.505647,1.162515,1.299867
2022-03-23 06:58:25,2022-03-22 22:58:25,dark,Eat,1.084395,1.41786,1.244216,1.339998
2022-03-23 07:03:25,2022-03-22 23:03:25,dark,Eat,1.122114,1.35459,1.23364,1.186356
2022-03-23 07:08:25,2022-03-22 23:08:25,dark,Eat,1.097779,1.418945,1.181996,1.039478
2022-03-23 07:13:25,2022-03-22 23:13:25,dark,Eat,1.111463,1.339465,1.443442,0.9870518
2022-03-23 07:18:25,2022-03-22 23:18:25,dark,Eat,1.0655,1.235933,1.160763,1.057497
2022-03-23 07:23:25,2022-03-22 23:23:25,dark,Eat,1.080787,1.293586,1.167817,1.18733
2022-03-23 07:28:25,2022-03-22 23:28:25,dark,Eat,1.113119,1.277096,1.244512,1.210635
2022-03-23 07:33:25,2022-03-22 23:33:25,dark,Eat,1.006219,1.311809,1.330406,1.214656
2022-03-23 07:38:25,2022-03-22 23:38:25,dark,Eat,1.057213,1.339061,1.345762,1.423161
2022-03-23 07:43:25,2022-03-22 23:43:25,dark,Eat,1.064252,1.332169,1.832969,1.470731
2022-03-23 07:48:25,2022-03-22 23:48:25,dark,Eat,1.232149,1.285045,1.341943,1.04801
2022-03-23 07:53:25,2022-03-22 23:53:25,dark,Eat,1.169537,1.309329,1.140996,1.078196
2022-03-23 07:58:25,2022-03-22 23:58:25,dark,Eat,1.246938,1.686084,1.275181,0.9535474
2022-03-23 08:03:25,2022-03-23 00:03:25,light,Restrict,1.191972,1.965893,1.190754,1.095444
2022-03-23 08:08:25,2022-03-23 00:08:25,light,Restrict,1.144032,1.783734,1.351808,1.088727
2022-03-23 08:13:25,2022-03-23 00:13:25,light,Restrict,1.138796,1.533197,1.395493,1.0799
2022-03-23 08:18:25,2022-03-23 00:18:25,light,Restrict,1.105451,1.385524,1.140925,0.9860112
2022-03-23 08:23:25,2022-03-23 00:23:25,light,Restrict,1.129747,1.410578,1.097402,0.9385794
2022-03-23 08:28:25,2022-03-23 00:28:25,light,Restrict,1.238322,1.275673,1.23575,1.081338
2022-03-23 08:33:25,2022-03-23 00:33:25,light,Restrict,1.251316,1.023707,1.359955,1.733763
2022-03-23 08:38:25,2022-03-23 00:38:25,light,Restrict,1.259269,1.128462,1.309699,1.755867
2022-03-23 08:43:25,2022-03-23 00:43:25,light,Restrict,1.070312,1.232759,1.651793,1.35697
2022-03-23 08:48:25,2022-03-23 00:48:25,light,Restrict,1.022909,1.409163,1.910369,1.040609
2022-03-23 08:53:25,2022-03-23 00:53:25,light,Restrict,1.007473,1.397433,1.877489,1.124376
2022-03-23 08:58:25,2022-03-23 00:58:25,light,Restrict,1.068656,1.317183,1.914568,1.503904
2022-03-23 09:03:25,2022-03-23 01:03:25,light,Restrict,1.116597,1.264717,2.037528,1.409904
2022-03-23 09:08:25,2022-03-23 01:08:25,light,Restrict,1.131638,1.316661,1.614834,1.335792
2022-03-23 09:13:25,2022-03-23 01:13:25,light,Restrict,1.081327,1.24515,1.311356,1.235505
2022-03-23 09:18:25,2022-03-23 01:18:25,light,Restrict,1.099488,1.280062,1.505852,1.221392
2022-03-23 09:23:25,2022-03-23 01:23:25,light,Restrict,1.038228,1.165836,1.235416,1.152569
2022-03-23 09:28:25,2022-03-23 01:28:25,light,Restrict,0.9464966,1.143904,1.602886,1.165526
2022-03-23 09:33:25,2022-03-23 01:33:25,light,Restrict,1.010147,1.173084,1.508962,1.052832
2022-03-23 09:38:25,2022-03-23 01:38:25,light,Restrict,1.104572,1.194967,0.9724408,1.102351
2022-03-23 09:43:25,2022-03-23 01:43:25,light,Restrict,1.073887,1.154357,0.8619758,1.111101
2022-03-23 09:48:25,2022-03-23 01:48:25,light,Restrict,1.211592,1.217114,1.039278,1.116762
2022-03-23 09:53:25,2022-03-23 01:53:25,light,Restrict,1.249032,1.250463,1.221137,1.10504
2022-03-23 09:58:25,2022-03-23 01:58:25,light,Restrict,1.159248,1.219684,1.469586,1.199236
2022-03-23 10:03:25,2022-03-23 02:03:25,light,Restrict,1.18905,1.148796,1.386972,1.103647
2022-03-23 10:08:25,2022-03-23 02:08:25,light,Restrict,1.214894,1.143871,1.307585,1.1007
2022-03-23 10:13:25,2022-03-23 02:13:25,light,Restrict,1.628819,1.251623,1.309137,1.243184
2022-03-23 10:18:25,2022-03-23 02:18:25,light,Restrict,1.946544,1.157212,1.124365,1.168737
2022-03-23 10:23:25,2022-03-23 02:23:25,light,Restrict,1.631246,1.174068,1.05373,1.168182
2022-03-23 10:28:25,2022-03-23 02:28:25,light,Restrict,1.334296,1.192894,1.173413,1.161838
2022-03-23 10:33:25,2022-03-23 02:33:25,light,Restrict,1.029082,1.135644,1.405462,1.153164
2022-03-23 10:38:25,2022-03-23 02:38:25,light,Restrict,0.8832921,1.137828,1.385927,1.127761
2022-03-23 10:43:25,2022-03-23 02:43:25,light,Restrict,0.9505141,1.261104,1.16177,1.09483
2022-03-23 10:48:25,2022-03-23 02:48:25,light,Restrict,1.062728,1.231113,1.397933,1.136357
2022-03-23 10:53:25,2022-03-23 02:53:25,light,Restrict,1.24084,1.202448,1.570586,1.430962
2022-03-23 10:58:25,2022-03-23 02:58:25,light,Restrict,1.234933,1.266632,1.044189,1.5269
2022-03-23 11:03:25,2022-03-23 03:03:25,light,Restrict,1.199308,1.42332,1.189478,1.469293
2022-03-23 11:08:25,2022-03-23 03:08:25,light,Restrict,1.114814,1.585119,1.27847,1.726873
2022-03-23 11:13:25,2022-03-23 03:13:25,light,Restrict,1.09139,1.534528,1.20414,1.622064
2022-03-23 11:18:25,2022-03-23 03:18:25,light,Restrict,0.9576703,1.548469,1.705545,1.576439
2022-03-23 11:23:25,2022-03-23 03:23:25,light,Restrict,1.040948,1.561227,1.626349,1.286458
2022-03-23 11:28:25,2022-03-23 03:28:25,light,Restrict,0.942714,1.307591,1.522852,1.446378
2022-03-23 11:33:25,2022-03-23 03:33:25,light,Restrict,0.9505847,1.17248,1.300269,1.256943
2022-03-23 11:38:25,2022-03-23 03:38:25,light,Restrict,0.9984961,1.154873,0.9574502,1.079455
2022-03-23 11:43:25,2022-03-23 03:43:25,light,Restrict,0.9959874,1.165913,0.9272436,1.006003
2022-03-23 11:48:25,2022-03-23 03:48:25,light,Restrict,1.023775,1.180391,1.106167,1.042425
2022-03-23 11:53:25,2022-03-23 03:53:25,light,Restrict,1.062893,1.209879,1.227836,1.191653
2022-03-23 11:58:25,2022-03-23 03:58:25,light,Restrict,1.339739,1.147008,1.286279,1.11349
2022-03-23 12:03:25,2022-03-23 04:03:25,light,Restrict,1.351553,1.246841,1.403104,1.151123
2022-03-23 12:08:25,2022-03-23 04:08:25,light,Restrict,1.12579,1.195516,1.294566,1.316611
2022-03-23 12:13:25,2022-03-23 04:13:25,light,Restrict,1.043231,1.129467,1.356886,1.306129
2022-03-23 12:18:25,2022-03-23 04:18:25,light,Restrict,1.143085,1.195825,1.53306,1.189307
2022-03-23 12:23:25,2022-03-23 04:23:25,light,Restrict,1.370364,1.241341,1.029256,1.200896
2022-03-23 12:28:25,2022-03-23 04:28:25,light,Restrict,1.535342,1.247613,1.263446,1.202314
2022-03-23 12:33:25,2022-03-23 04:33:25,light,Restrict,1.557457,1.244886,1.089493,1.185403
2022-03-23 12:38:25,2022-03-23 04:38:25,light,Restrict,1.381365,1.195786,1.02889,1.215962
2022-03-23 12:43:25,2022-03-23 04:43:25,light,Restrict,1.081187,1.366242,1.163581,1.210529
2022-03-23 12:48:25,2022-03-23 04:48:25,light,Restrict,1.211735,1.443102,1.285994,1.219442
2022-03-23 12:53:25,2022-03-23 04:53:25,light,Restrict,1.284312,1.494256,1.169797,1.277998
2022-03-23 12:58:25,2022-03-23 04:58:25,light,Restrict,1.191108,1.750431,1.103403,1.148011
2022-03-23 13:03:25,2022-03-23 05:03:25,light,Restrict,1.035199,1.699924,1.14206,1.180128
2022-03-23 13:08:25,2022-03-23 05:08:25,light,Restrict,0.9716458,1.365101,1.22751,1.22945
2022-03-23 13:13:25,2022-03-23 05:13:25,light,Restrict,1.055415,1.109159,1.095434,1.24306
2022-03-23 13:18:25,2022-03-23 05:18:25,light,Restrict,1.092962,1.235009,1.353071,1.201243
2022-03-23 13:23:25,2022-03-23 05:23:25,light,Restrict,1.107473,1.30804,1.280131,1.140043
2022-03-23 13:28:25,2022-03-23 05:28:25,light,Restrict,1.091439,1.210671,1.295989,1.150234
2022-03-23 13:33:25,2022-03-23 05:33:25,light,Restrict,1.050371,1.125427,1.186969,1.189712
2022-03-23 13:38:25,2022-03-23 05:38:25,light,Restrict,1.166492,1.108606,1.118586,1.142894
2022-03-23 13:43:25,2022-03-23 05:43:25,light,Restrict,1.1562,1.1715,1.694275,1.361374
2022-03-23 13:48:25,2022-03-23 05:48:25,light,Restrict,1.109504,1.260681,1.87633,1.699005
2022-03-23 13:53:25,2022-03-23 05:53:25,light,Restrict,1.183398,1.278013,1.788549,1.759407
2022-03-23 13:58:25,2022-03-23 05:58:25,light,Restrict,1.114126,1.316473,1.778385,1.500846
2022-03-23 14:03:25,2022-03-23 06:03:25,light,Restrict,1.204876,1.354047,1.865672,1.501598
2022-03-23 14:08:25,2022-03-23 06:08:25,light,Restrict,1.276271,1.238011,1.699265,1.10376
2022-03-23 14:13:25,2022-03-23 06:13:25,light,Restrict,1.367491,1.209477,1.684338,0.9667831
2022-03-23 14:18:25,2022-03-23 06:18:25,light,Restrict,1.748597,1.297676,1.46099,1.098192
2022-03-23 14:23:25,2022-03-23 06:23:25,light,Restrict,2.041307,1.149533,1.100049,1.108446
2022-03-23 14:28:25,2022-03-23 06:28:25,light,Restrict,1.582908,1.14762,1.349315,1.142126
2022-03-23 14:33:25,2022-03-23 06:33:25,light,Restrict,1.385846,1.208131,1.366736,1.503054
2022-03-23 14:38:25,2022-03-23 06:38:25,light,Restrict,1.376703,1.159723,1.248826,1.373026
2022-03-23 14:43:25,2022-03-23 06:43:25,light,Restrict,1.426271,1.190141,1.225434,1.063937
2022-03-23 14:48:25,2022-03-23 06:48:25,light,Restrict,1.442261,1.250727,1.534059,1.077124
2022-03-23 14:53:25,2022-03-23 06:53:25,light,Restrict,1.428066,1.249204,0.9389213,1.04464
2022-03-23 14:58:25,2022-03-23 06:58:25,light,Restrict,1.180191,1.193221,1.085891,1.05623
2022-03-23 15:03:25,2022-03-23 07:03:25,light,Restrict,1.040307,1.605662,1.318312,1.035752
2022-03-23 15:08:25,2022-03-23 07:08:25,light,Restrict,1.181935,1.713555,1.297248,1.062816
2022-03-23 15:13:25,2022-03-23 07:13:25,light,Restrict,1.224555,1.903419,1.279009,1.188293
2022-03-23 15:18:25,2022-03-23 07:18:25,light,Restrict,1.16922,1.626111,1.15971,1.511901
2022-03-23 15:23:25,2022-03-23 07:23:25,light,Restrict,1.176801,1.356814,1.002239,1.594816
2022-03-23 15:28:25,2022-03-23 07:28:25,light,Restrict,1.138088,1.403318,1.202857,1.638488
2022-03-23 15:33:25,2022-03-23 07:33:25,light,Restrict,1.174273,1.071464,1.299822,1.297081
2022-03-23 15:38:25,2022-03-23 07:38:25,light,Restrict,1.105004,1.031395,1.35747,1.293227
2022-03-23 15:43:25,2022-03-23 07:43:25,light,Restrict,1.012617,1.178858,1.82312,1.425766
2022-03-23 15:48:25,2022-03-23 07:48:25,light,Restrict,1.455126,1.310917,1.785494,1.30903
2022-03-23 15:53:25,2022-03-23 07:53:25,light,Restrict,1.329861,1.141957,1.726018,1.277989
2022-03-23 15:58:25,2022-03-23 07:58:25,light,Restrict,1.034347,1.480373,1.854763,1.32908
2022-03-23 16:03:25,2022-03-23 08:03:25,dark,Eat,1.054417,1.955351,1.901373,1.751381
2022-03-23 16:08:25,2022-03-23 08:08:25,dark,Eat,1.210078,1.943722,2.0388,1.799827
2022-03-23 16:13:25,2022-03-23 08:13:25,dark,Eat,1.281898,1.785604,1.95875,1.824701
2022-03-23 16:18:25,2022-03-23 08:18:25,dark,Eat,1.795871,1.585252,1.747075,1.938326
2022-03-23 16:23:25,2022-03-23 08:23:25,dark,Eat,1.857466,1.573715,1.716517,1.541081
2022-03-23 16:28:25,2022-03-23 08:28:25,dark,Eat,1.717659,1.818922,1.78272,1.632994
2022-03-23 16:33:25,2022-03-23 08:33:25,dark,Eat,1.809892,1.866398,1.590002,1.511103
2022-03-23 16:38:25,2022-03-23 08:38:25,dark,Eat,1.600342,1.928557,1.784573,1.753924
2022-03-23 16:43:25,2022-03-23 08:43:25,dark,Eat,1.402277,1.927693,1.60752,1.89864
2022-03-23 16:48:25,2022-03-23 08:48:25,dark,Eat,1.41777,1.918705,1.727191,2.162138
2022-03-23 16:53:25,2022-03-23 08:53:25,dark,Eat,1.436339,1.936179,1.735821,2.317463
2022-03-23 16:58:25,2022-03-23 08:58:25,dark,Eat,1.452841,2.102101,1.909751,2.145566
2022-03-23 17:03:25,2022-03-23 09:03:25,dark,Eat,1.779737,2.353483,1.634185,1.926168
2022-03-23 17:08:25,2022-03-23 09:08:25,dark,Eat,2.014982,2.319192,1.706428,1.938555
2022-03-23 17:13:25,2022-03-23 09:13:25,dark,Eat,1.951909,1.807861,2.172684,1.89603
2022-03-23 17:18:25,2022-03-23 09:18:25,dark,Eat,1.857858,1.726597,2.160679,1.806446
2022-03-23 17:23:25,2022-03-23 09:23:25,dark,Eat,1.605806,1.636633,2.417948,1.657167
2022-03-23 17:28:25,2022-03-23 09:28:25,dark,Eat,1.75897,1.614446,1.75584,1.833784
2022-03-23 17:33:25,2022-03-23 09:33:25,dark,Eat,1.724859,1.754173,1.660201,1.799592
2022-03-23 17:38:25,2022-03-23 09:38:25,dark,Eat,1.994354,1.975752,2.134982,1.9161
2022-03-23 17:43:25,2022-03-23 09:43:25,dark,Eat,2.080869,2.055921,2.185569,2.081546
2022-03-23 17:48:25,2022-03-23 09:48:25,dark,Eat,1.973874,1.959415,1.980585,2.160041
2022-03-23 17:53:25,2022-03-23 09:53:25,dark,Eat,1.715402,2.12333,1.962493,1.921814
2022-03-23 17:58:25,2022-03-23 09:58:25,dark,Eat,1.944973,2.414287,2.425965,1.802932
2022-03-23 18:03:25,2022-03-23 10:03:25,dark,Eat,2.205515,2.569077,1.852419,2.040927
2022-03-23 18:08:25,2022-03-23 10:08:25,dark,Eat,2.045855,2.045486,2.053676,1.935306
2022-03-23 18:13:25,2022-03-23 10:13:25,dark,Eat,1.877107,1.84232,2.234271,1.629739
2022-03-23 18:18:25,2022-03-23 10:18:25,dark,Eat,1.633495,1.786305,2.17259,1.774723
2022-03-23 18:23:25,2022-03-23 10:23:25,dark,Eat,2.058148,1.5533,2.252423,2.005866
2022-03-23 18:28:25,2022-03-23 10:28:25,dark,Eat,2.13252,1.707853,2.127975,2.220668
2022-03-23 18:33:25,2022-03-23 10:33:25,dark,Eat,1.737041,1.99485,1.994228,2.149352
2022-03-23 18:38:25,2022-03-23 10:38:25,dark,Eat,1.68688,2.016094,2.146126,1.871392
2022-03-23 18:43:25,2022-03-23 10:43:25,dark,Eat,1.722214,2.028147,2.075851,1.737858
2022-03-23 18:48:25,2022-03-23 10:48:25,dark,Eat,1.943993,2.06596,1.936082,1.925243
2022-03-23 18:53:25,2022-03-23 10:53:25,dark,Eat,2.154811,1.818039,2.130769,1.955063
2022-03-23 18:58:25,2022-03-23 10:58:25,dark,Eat,1.87451,1.945431,1.752834,1.788925
2022-03-23 19:03:25,2022-03-23 11:03:25,dark,Eat,1.618014,2.10653,1.80744,2.039246
2022-03-23 19:08:25,2022-03-23 11:08:25,dark,Eat,1.715604,2.083808,1.640036,1.868512
2022-03-23 19:13:25,2022-03-23 11:13:25,dark,Eat,2.159599,2.221275,2.049413,1.790512
2022-03-23 19:18:25,2022-03-23 11:18:25,dark,Eat,2.156641,2.235401,2.474423,1.830475
2022-03-23 19:23:25,2022-03-23 11:23:25,dark,Eat,2.155002,2.036553,2.722465,1.971087
2022-03-23 19:28:25,2022-03-23 11:28:25,dark,Eat,2.342944,2.006257,2.09867,1.761112
2022-03-23 19:33:25,2022-03-23 11:33:25,dark,Eat,2.202219,1.941983,2.51658,1.800056
2022-03-23 19:38:25,2022-03-23 11:38:25,dark,Eat,1.879766,1.992669,2.178101,1.782657
2022-03-23 19:43:25,2022-03-23 11:43:25,dark,Eat,1.945286,1.836662,2.135678,1.860088
2022-03-23 19:48:25,2022-03-23 11:48:25,dark,Eat,1.950644,1.774963,2.159753,2.107302
2022-03-23 19:53:25,2022-03-23 11:53:25,dark,Eat,1.638463,1.550498,2.153157,2.027889
2022-03-23 19:58:25,2022-03-23 11:58:25,dark,Eat,1.640854,1.391344,1.828638,1.706935
2022-03-23 20:03:25,2022-03-23 12:03:25,dark,Eat,1.866173,1.568709,1.814772,2.271018
2022-03-23 20:08:25,2022-03-23 12:08:25,dark,Eat,2.066705,1.761688,1.840919,1.7174
2022-03-23 20:13:25,2022-03-23 12:13:25,dark,Eat,1.720047,1.924845,1.883858,1.6095
2022-03-23 20:18:25,2022-03-23 12:18:25,dark,Eat,1.700175,2.006051,1.833687,1.825694
2022-03-23 20:23:25,2022-03-23 12:23:25,dark,Eat,1.992944,1.944024,1.84161,2.114047
2022-03-23 20:28:25,2022-03-23 12:28:25,dark,Eat,2.055696,2.011438,1.957483,2.162754
2022-03-23 20:33:25,2022-03-23 12:33:25,dark,Eat,1.774561,2.02923,1.845037,2.00182
2022-03-23 20:38:25,2022-03-23 12:38:25,dark,Eat,1.805241,1.935232,1.980165,2.193819
2022-03-23 20:43:25,2022-03-23 12:43:25,dark,Eat,1.765548,1.990866,2.073824,1.731456
2022-03-23 20:48:25,2022-03-23 12:48:25,dark,Eat,1.778178,2.256703,2.532644,1.718994
2022-03-23 20:53:25,2022-03-23 12:53:25,dark,Eat,1.903507,2.16103,2.247139,1.627729
2022-03-23 20:58:25,2022-03-23 12:58:25,dark,Eat,2.291243,1.938981,2.388252,1.797797
2022-03-23 21:03:25,2022-03-23 13:03:25,dark,Eat,2.686044,2.041561,1.988849,1.955248
2022-03-23 21:08:25,2022-03-23 13:08:25,dark,Eat,2.237798,2.194838,2.053648,2.337991
2022-03-23 21:13:25,2022-03-23 13:13:25,dark,Eat,2.079494,2.112069,1.816,2.200198
2022-03-23 21:18:25,2022-03-23 13:18:25,dark,Eat,2.048662,2.090634,1.725305,2.132154
2022-03-23 21:23:25,2022-03-23 13:23:25,dark,Eat,2.094141,2.181777,1.870858,2.001262
2022-03-23 21:28:25,2022-03-23 13:28:25,dark,Eat,1.752672,1.901446,1.937407,1.87092
2022-03-23 21:33:25,2022-03-23 13:33:25,dark,Eat,1.536149,1.914198,1.997177,2.082086
2022-03-23 21:38:25,2022-03-23 13:38:25,dark,Eat,1.508878,1.825183,1.97107,1.960774
2022-03-23 21:43:25,2022-03-23 13:43:25,dark,Eat,1.709622,1.031202,1.89871,1.854461
2022-03-23 21:48:25,2022-03-23 13:48:25,dark,Eat,1.816529,1.470326,1.703971,1.938476
2022-03-23 21:53:25,2022-03-23 13:53:25,dark,Eat,1.815561,1.509692,1.831052,2.171286
2022-03-23 21:58:25,2022-03-23 13:58:25,dark,Eat,1.934096,1.626121,1.891152,2.001459
2022-03-23 22:03:25,2022-03-23 14:03:25,dark,Eat,2.052768,1.82375,2.105031,1.787252
2022-03-23 22:08:25,2022-03-23 14:08:25,dark,Eat,1.951856,1.942341,1.932418,1.942218
2022-03-23 22:13:25,2022-03-23 14:13:25,dark,Eat,1.700024,1.829908,1.80458,1.835327
2022-03-23 22:18:25,2022-03-23 14:18:25,dark,Eat,0.8868396,0.4559362,1.088058,0.8009842
2022-03-23 22:23:25,2022-03-23 14:23:25,dark,Eat,2.088583,1.793737,2.411452,1.607381
2022-03-23 22:28:25,2022-03-23 14:28:25,dark,Eat,1.938759,1.982334,2.519129,1.530797
2022-03-23 22:33:25,2022-03-23 14:33:25,dark,Eat,1.673651,1.923021,2.251785,1.782717
2022-03-23 22:38:25,2022-03-23 14:38:25,dark,Eat,1.683913,2.021174,2.518023,1.882314
2022-03-23 22:43:25,2022-03-23 14:43:25,dark,Eat,1.620789,2.157378,2.530857,1.684703
2022-03-23 22:48:25,2022-03-23 14:48:25,dark,Eat,1.707138,2.100296,2.276447,1.735755
2022-03-23 22:53:25,2022-03-23 14:53:25,dark,Eat,1.889658,2.247336,2.15556,2.15763
2022-03-23 22:58:25,2022-03-23 14:58:25,dark,Eat,1.75979,2.300065,2.109373,1.860898
2022-03-23 23:03:25,2022-03-23 15:03:25,dark,Eat,1.71192,2.009073,2.04459,1.887969
2022-03-23 23:08:25,2022-03-23 15:08:25,dark,Eat,1.736264,1.890188,1.832642,1.880243
2022-03-23 23:13:25,2022-03-23 15:13:25,dark,Eat,1.660172,1.770621,1.700507,1.959269
2022-03-23 23:18:25,2022-03-23 15:18:25,dark,Eat,1.945115,1.44326,1.7363,2.026396
2022-03-23 23:23:25,2022-03-23 15:23:25,dark,Eat,2.288595,1.408925,1.727185,1.811597
2022-03-23 23:28:25,2022-03-23 15:28:25,dark,Eat,2.345935,1.564963,1.760649,1.78874
2022-03-23 23:33:25,2022-03-23 15:33:25,dark,Eat,2.369192,1.991261,1.671413,1.716764
2022-03-23 23:38:25,2022-03-23 15:38:25,dark,Eat,2.263325,1.894077,1.767247,1.714249
2022-03-23 23:43:25,2022-03-23 15:43:25,dark,Eat,2.317485,1.886828,1.82335,1.533168
2022-03-23 23:48:25,2022-03-23 15:48:25,dark,Eat,2.138062,1.797556,1.838044,1.48307
2022-03-23 23:53:25,2022-03-23 15:53:25,dark,Eat,2.163481,1.951427,1.672325,1.780254
2022-03-23 23:58:25,2022-03-23 15:58:25,dark,Eat,2.37694,1.96004,1.657204,1.633035
2022-03-24 00:03:25,2022-03-23 16:03:25,dark,Eat,1.916682,1.924502,1.755687,1.583043
2022-03-24 00:08:25,2022-03-23 16:08:25,dark,Eat,2.13997,2.367584,1.979542,1.705818
2022-03-24 00:13:25,2022-03-23 16:13:25,dark,Eat,1.916849,2.27928,2.382311,2.002548
2022-03-24 00:18:25,2022-03-23 16:18:25,dark,Eat,1.89202,2.03527,2.371293,1.973142
2022-03-24 00:23:25,2022-03-23 16:23:25,dark,Eat,1.689822,1.939374,2.427367,1.72773
2022-03-24 00:28:25,2022-03-23 16:28:25,dark,Eat,1.418423,2.006514,2.130264,1.952485
2022-03-24 00:33:25,2022-03-23 16:33:25,dark,Eat,1.366648,1.974143,2.20252,2.250728
2022-03-24 00:38:25,2022-03-23 16:38:25,dark,Eat,1.573356,1.830371,2.140572,2.098949
2022-03-24 00:43:25,2022-03-23 16:43:25,dark,Eat,1.757946,1.679129,1.991179,1.766811
2022-03-24 00:48:25,2022-03-23 16:48:25,dark,Eat,1.68122,1.687923,2.153257,1.594379
2022-03-24 00:53:25,2022-03-23 16:53:25,dark,Eat,1.780849,1.414854,2.301787,1.539449
2022-03-24 00:58:25,2022-03-23 16:58:25,dark,Eat,1.827965,1.317259,1.761063,1.668822
2022-03-24 01:03:25,2022-03-23 17:03:25,dark,Eat,1.582989,1.465145,1.990775,1.789023
2022-03-24 01:08:25,2022-03-23 17:08:25,dark,Eat,1.61393,1.758299,1.911527,1.706407
2022-03-24 01:13:25,2022-03-23 17:13:25,dark,Eat,1.641649,1.763215,2.206925,2.052029
2022-03-24 01:18:25,2022-03-23 17:18:25,dark,Eat,1.668916,1.342182,1.992947,2.366779
2022-03-24 01:23:25,2022-03-23 17:23:25,dark,Eat,1.818967,1.441215,2.079708,2.116627
2022-03-24 01:28:25,2022-03-23 17:28:25,dark,Eat,1.735852,1.700919,1.79822,2.057096
2022-03-24 01:33:25,2022-03-23 17:33:25,dark,Eat,1.784407,1.816941,1.808292,1.895967
2022-03-24 01:38:25,2022-03-23 17:38:25,dark,Eat,1.805296,1.787743,1.977184,2.101552
2022-03-24 01:43:25,2022-03-23 17:43:25,dark,Eat,1.644626,1.759957,2.074077,1.970994
2022-03-24 01:48:25,2022-03-23 17:48:25,dark,Eat,1.766593,1.676339,1.81753,1.695626
2022-03-24 01:53:25,2022-03-23 17:53:25,dark,Eat,1.757169,1.528979,1.784334,1.771234
2022-03-24 01:58:25,2022-03-23 17:58:25,dark,Eat,1.555632,1.503343,1.688783,1.609669
2022-03-24 02:03:25,2022-03-23 18:03:25,dark,Eat,1.572866,1.808928,1.965413,1.790618
2022-03-24 02:08:25,2022-03-23 18:08:25,dark,Eat,1.67625,1.832798,1.69926,1.349822
2022-03-24 02:13:25,2022-03-23 18:13:25,dark,Eat,1.713448,1.638125,1.662389,1.48696
2022-03-24 02:18:25,2022-03-23 18:18:25,dark,Eat,1.82281,1.429231,1.821023,1.641045
2022-03-24 02:23:25,2022-03-23 18:23:25,dark,Eat,2.104136,1.677284,1.899636,1.675065
2022-03-24 02:28:25,2022-03-23 18:28:25,dark,Eat,2.186299,1.812378,1.826735,1.76448
2022-03-24 02:33:25,2022-03-23 18:33:25,dark,Eat,2.008884,1.977604,1.745865,1.86035
2022-03-24 02:38:25,2022-03-23 18:38:25,dark,Eat,2.089105,1.791012,1.675776,1.977261
2022-03-24 02:43:25,2022-03-23 18:43:25,dark,Eat,2.344332,1.69515,1.551982,1.781884
2022-03-24 02:48:25,2022-03-23 18:48:25,dark,Eat,2.393141,1.749614,1.803614,1.82304
2022-03-24 02:53:25,2022-03-23 18:53:25,dark,Eat,2.078019,1.847852,1.784603,1.889962
2022-03-24 02:58:25,2022-03-23 18:58:25,dark,Eat,1.742807,1.818871,1.750743,2.060907
2022-03-24 03:03:25,2022-03-23 19:03:25,dark,Eat,1.654727,1.709587,1.830186,1.764596
2022-03-24 03:08:25,2022-03-23 19:08:25,dark,Eat,1.634671,1.64939,1.761717,2.002104
2022-03-24 03:13:25,2022-03-23 19:13:25,dark,Eat,1.606328,1.546212,1.563075,2.157527
2022-03-24 03:18:25,2022-03-23 19:18:25,dark,Eat,1.709184,1.931876,1.419594,2.001381
2022-03-24 03:23:25,2022-03-23 19:23:25,dark,Eat,1.422918,1.604988,1.298273,2.00066
2022-03-24 03:28:25,2022-03-23 19:28:25,dark,Eat,1.239757,1.583854,1.475267,1.613968
2022-03-24 03:33:25,2022-03-23 19:33:25,dark,Eat,1.256771,1.49228,1.679089,1.712284
2022-03-24 03:38:25,2022-03-23 19:38:25,dark,Eat,1.301191,1.207865,1.718473,1.80834
2022-03-24 03:43:25,2022-03-23 19:43:25,dark,Eat,1.269357,1.186603,1.557705,1.528395
2022-03-24 03:48:25,2022-03-23 19:48:25,dark,Eat,1.238915,1.455898,1.613566,1.503448
2022-03-24 03:53:25,2022-03-23 19:53:25,dark,Eat,1.390977,1.493434,1.759921,1.38404
2022-03-24 03:58:25,2022-03-23 19:58:25,dark,Eat,1.502564,1.528021,1.764713,1.631008
2022-03-24 04:03:25,2022-03-23 20:03:25,dark,Eat,1.212846,1.605669,1.887635,1.800447
2022-03-24 04:08:25,2022-03-23 20:08:25,dark,Eat,1.44939,1.456144,1.808686,1.806125
2022-03-24 04:13:25,2022-03-23 20:13:25,dark,Eat,1.581599,1.272958,1.750936,1.789808
2022-03-24 04:18:25,2022-03-23 20:18:25,dark,Eat,1.428899,1.482419,1.840734,1.650778
2022-03-24 04:23:25,2022-03-23 20:23:25,dark,Eat,1.300793,1.627069,1.566431,1.584904
2022-03-24 04:28:25,2022-03-23 20:28:25,dark,Eat,1.548598,1.827552,1.460404,1.557687
2022-03-24 04:33:25,2022-03-23 20:33:25,dark,Eat,1.859418,1.986112,1.800106,1.703462
2022-03-24 04:38:25,2022-03-23 20:38:25,dark,Eat,1.995754,1.590701,1.690924,1.65576
2022-03-24 04:43:25,2022-03-23 20:43:25,dark,Eat,1.931472,1.388846,1.500744,1.585317
2022-03-24 04:48:25,2022-03-23 20:48:25,dark,Eat,1.568091,1.424963,1.482967,1.732072
2022-03-24 04:53:25,2022-03-23 20:53:25,dark,Eat,1.455301,1.325456,1.836864,1.779357
2022-03-24 04:58:25,2022-03-23 20:58:25,dark,Eat,1.160038,1.06398,2.031407,1.705788
2022-03-24 05:03:25,2022-03-23 21:03:25,dark,Eat,1.068437,1.215732,1.733953,1.758909
2022-03-24 05:08:25,2022-03-23 21:08:25,dark,Eat,1.148794,1.382441,1.861706,1.850292
2022-03-24 05:13:25,2022-03-23 21:13:25,dark,Eat,1.200526,1.394524,1.748549,1.828557
2022-03-24 05:18:25,2022-03-23 21:18:25,dark,Eat,1.300829,1.294445,1.485559,1.658789
2022-03-24 05:23:25,2022-03-23 21:23:25,dark,Eat,1.204068,1.32668,1.512496,1.677779
2022-03-24 05:28:25,2022-03-23 21:28:25,dark,Eat,1.126933,1.293521,1.494182,1.700386
2022-03-24 05:33:25,2022-03-23 21:33:25,dark,Eat,1.231647,1.194577,1.456479,1.822327
2022-03-24 05:38:25,2022-03-23 21:38:25,dark,Eat,1.363159,1.324021,1.358416,1.879767
2022-03-24 05:43:25,2022-03-23 21:43:25,dark,Eat,1.39343,1.445017,1.61342,1.465157
2022-03-24 05:48:25,2022-03-23 21:48:25,dark,Eat,1.329571,1.35436,1.578829,1.388896
2022-03-24 05:53:25,2022-03-23 21:53:25,dark,Eat,1.281585,1.326766,1.390052,1.366694
2022-03-24 05:58:25,2022-03-23 21:58:25,dark,Eat,1.367045,1.217262,1.342065,1.496575
2022-03-24 06:03:25,2022-03-23 22:03:25,dark,Eat,1.567615,1.100481,1.20284,1.588855
2022-03-24 06:08:25,2022-03-23 22:08:25,dark,Eat,1.558222,1.171693,1.424105,1.485732
2022-03-24 06:13:25,2022-03-23 22:13:25,dark,Eat,1.482675,1.119992,1.414755,1.334195
2022-03-24 06:18:25,2022-03-23 22:18:25,dark,Eat,1.198319,1.171106,1.267881,1.309647
2022-03-24 06:23:25,2022-03-23 22:23:25,dark,Eat,1.087046,1.088791,1.161944,1.476607
2022-03-24 06:28:25,2022-03-23 22:28:25,dark,Eat,1.11331,1.077921,1.441408,1.263183
2022-03-24 06:33:25,2022-03-23 22:33:25,dark,Eat,1.217988,1.064775,1.4177,1.212095
2022-03-24 06:38:25,2022-03-23 22:38:25,dark,Eat,1.141106,1.07151,1.537295,1.408273
2022-03-24 06:43:25,2022-03-23 22:43:25,dark,Eat,1.177986,1.119314,1.4878,1.421016
2022-03-24 06:48:25,2022-03-23 22:48:25,dark,Eat,1.151318,1.091021,1.385662,1.212889
2022-03-24 06:53:25,2022-03-23 22:53:25,dark,Eat,1.156744,1.215155,1.327901,1.2555
2022-03-24 06:58:25,2022-03-23 22:58:25,dark,Eat,1.223266,1.205916,1.457967,1.122382
2022-03-24 07:03:25,2022-03-23 23:03:25,dark,Eat,1.166901,1.196977,1.430539,1.344046
2022-03-24 07:08:25,2022-03-23 23:08:25,dark,Eat,1.013289,0.9907416,1.26169,1.347225
2022-03-24 07:13:25,2022-03-23 23:13:25,dark,Eat,1.056035,1.206069,1.409599,1.140367
2022-03-24 07:18:25,2022-03-23 23:18:25,dark,Eat,1.148842,1.563849,1.379287,1.105784
2022-03-24 07:23:25,2022-03-23 23:23:25,dark,Eat,1.012927,1.451133,1.257969,1.223361
2022-03-24 07:28:25,2022-03-23 23:28:25,dark,Eat,1.060587,1.416716,1.18679,1.281606
2022-03-24 07:33:25,2022-03-23 23:33:25,dark,Eat,1.075796,1.118091,1.172784,1.198513
2022-03-24 07:38:25,2022-03-23 23:38:25,dark,Eat,1.054559,1.100096,1.149192,1.187344
2022-03-24 07:43:25,2022-03-23 23:43:25,dark,Eat,1.038825,1.233032,1.565725,1.286528
2022-03-24 07:48:25,2022-03-23 23:48:25,dark,Eat,1.148582,1.217837,1.732455,1.262084
2022-03-24 07:53:25,2022-03-23 23:53:25,dark,Eat,1.260275,1.19263,1.36377,1.329302
2022-03-24 07:58:25,2022-03-23 23:58:25,dark,Eat,1.338735,1.244241,1.304991,1.428909
2022-03-24 08:03:25,2022-03-24 00:03:25,light,Restrict,1.21899,1.208084,1.453876,1.231159
2022-03-24 08:08:25,2022-03-24 00:08:25,light,Restrict,1.130771,1.266924,1.369304,1.256366
2022-03-24 08:13:25,2022-03-24 00:13:25,light,Restrict,1.084677,1.194693,1.354766,1.257561
2022-03-24 08:18:25,2022-03-24 00:18:25,light,Restrict,0.9708046,1.134208,1.246149,1.357041
2022-03-24 08:23:25,2022-03-24 00:23:25,light,Restrict,0.984691,1.124669,1.103812,1.33478
2022-03-24 08:28:25,2022-03-24 00:28:25,light,Restrict,1.107625,1.171498,1.243069,1.251184
2022-03-24 08:33:25,2022-03-24 00:33:25,light,Restrict,2.002488,1.223506,1.216059,1.199775
2022-03-24 08:38:25,2022-03-24 00:38:25,light,Restrict,2.339991,1.243463,1.219427,1.296621
2022-03-24 08:43:25,2022-03-24 00:43:25,light,Restrict,1.955957,1.209149,1.325689,1.316696
2022-03-24 08:48:25,2022-03-24 00:48:25,light,Restrict,1.804951,1.208783,1.318296,1.423349
2022-03-24 08:53:25,2022-03-24 00:53:25,light,Restrict,1.602628,1.168117,1.251518,1.346854
2022-03-24 08:58:25,2022-03-24 00:58:25,light,Restrict,1.492461,1.136001,1.119702,1.267595
2022-03-24 09:03:25,2022-03-24 01:03:25,light,Restrict,1.614391,1.124224,1.226741,1.418303
2022-03-24 09:08:25,2022-03-24 01:08:25,light,Restrict,1.546161,1.223059,1.324804,1.349264
2022-03-24 09:13:25,2022-03-24 01:13:25,light,Restrict,1.388918,1.205788,1.370991,1.609213
2022-03-24 09:18:25,2022-03-24 01:18:25,light,Restrict,1.355677,1.196026,1.291766,1.650574
2022-03-24 09:23:25,2022-03-24 01:23:25,light,Restrict,1.4168,1.170366,1.289116,1.371852
