Date_Time_1,subjectsID,Group,Expriments Times,DarkLight,EatRestrict,AllMeters (m),FoodUpa (gram),Pedmeters (m),WaterUpa (gram),BodyMass (gram),bodytemp,envirolightlux,envirooccupancy,envirorh,envirosound,envirotemp,Kcal_hr (kcal/hr),RER,si13c,Co2 ml/min,Vo2 ml/min,zbreak,Locomotion (brakes)
2022-03-20 12:00:01,13,Late_TRF,2022-03-20 04:00:01,dark,Restrict,8.443898,0.01787746,6.087053,0.0,31.15523,-1.0,,,,,,0.5839333,0.7861173,-1.0,1.592889,2.022453,0.0,1782.0
2022-03-20 12:00:01,14,Late_TRF,2022-03-20 04:00:01,dark,Restrict,1.110488,0.0,0.9427994,0.0,34.2262,-1.0,,,,,,0.5934151,0.7607375,-1.0,1.574461,2.067723,0.0,219.0
2022-03-20 12:00:01,15,Late_TRF,2022-03-20 04:00:01,dark,Restrict,2.17133,0.06240072,1.017056,0.02509226,37.06836,-1.0,,,,,,0.6084919,0.8318591,-1.0,1.736491,2.086012,0.0,1441.0
2022-03-20 12:00:01,16,Late_TRF,2022-03-20 04:00:01,dark,Restrict,0.5183662,0.006082325,0.3533903,0.0,33.96237,-1.0,,,,,,0.5960652,0.8138369,-1.0,1.666003,2.05324,0.0,719.0
2022-03-20 13:00:01,13,Late_TRF,2022-03-20 05:00:01,dark,Restrict,8.766952,0.01702363,5.741677,0.0,31.15523,-1.0,,,,,,0.6040331,0.785156,-1.0,1.646008,2.092548,0.0,2526.0
2022-03-20 13:00:01,14,Late_TRF,2022-03-20 05:00:01,dark,Restrict,4.236265,0.0,3.5397666,0.001676432,34.76951,-1.0,,,,,,0.5874205,0.7605731,-1.0,1.559802,2.046486,0.0,563.0
2022-03-20 13:00:01,15,Late_TRF,2022-03-20 05:00:01,dark,Restrict,6.932826,0.00724042,4.733606,0.06746758,37.06836,-1.0,,,,,,0.510891,0.8119323,-1.0,1.428526,1.75968,0.0,372.0
2022-03-20 13:00:01,16,Late_TRF,2022-03-20 05:00:01,dark,Restrict,10.918363800000002,0.029883095,6.8077427,0.01901696,33.96237,-1.0,,,,,,0.5437542,0.7838876,-1.0,1.479324,1.884404,0.0,2074.0
2022-03-20 14:00:01,13,Late_TRF,2022-03-20 06:00:01,dark,Restrict,7.581389999999999,0.01047832,4.857980000000001,0.0,31.15523,-1.0,,,,,,0.5143716,0.7654433,-1.0,1.376854,1.788901,0.0,494.0
2022-03-20 14:00:01,14,Late_TRF,2022-03-20 06:00:01,dark,Restrict,0.6459570000000001,0.0,0.5435020000000002,0.0002766929999999,34.79504,-1.0,,,,,,0.5089672,0.7461745,-1.0,1.327905,1.779783,0.0,0.0
2022-03-20 14:00:01,15,Late_TRF,2022-03-20 06:00:01,dark,Restrict,0.9902639999999998,0.0014134999999999,0.586398,0.0,37.06836,-1.0,,,,,,0.4950321,0.8096392,-1.0,1.382662,1.705484,0.0,216.0
2022-03-20 14:00:01,16,Late_TRF,2022-03-20 06:00:01,dark,Restrict,3.137549999999999,0.0036149499999999,1.5309920000000004,0.0031998399999999,33.96237,-1.0,,,,,,0.4987504,0.7934283,-1.0,1.36981,1.724815,0.0,611.0
2022-03-20 15:00:01,13,Late_TRF,2022-03-20 07:00:01,dark,Restrict,2.76934,0.0,1.5278499999999973,0.0,31.15523,-1.0,,,,,,0.4753625,0.7809936,-1.0,1.287914,1.64889,0.0,345.0
2022-03-20 15:00:01,14,Late_TRF,2022-03-20 07:00:01,dark,Restrict,6.82412,0.0,4.848756,0.0,34.6931,-1.0,,,,,,0.6286425,0.7443593,-1.0,1.637375,2.199045,0.0,2397.0
2022-03-20 15:00:01,15,Late_TRF,2022-03-20 07:00:01,dark,Restrict,2.040840000000001,0.00081625,0.969143,0.0259054599999999,37.06836,-1.0,,,,,,0.562886,0.7998943,-1.0,1.555413,1.94396,0.0,1331.0
2022-03-20 15:00:01,16,Late_TRF,2022-03-20 07:00:01,dark,Restrict,2.6995400000000007,0.01609592,1.1674869999999995,0.0,33.96237,-1.0,,,,,,0.5247371,0.7964357,-1.0,1.443551,1.81402,0.0,922.0
2022-03-20 16:00:01,13,Late_TRF,2022-03-20 08:00:01,light,Restrict,4.057880000000001,0.0,2.30349,0.0,31.15523,-1.0,,,,,,0.5569811,0.7848539,-1.0,1.514986,1.930333,0.0,794.0
2022-03-20 16:00:01,14,Late_TRF,2022-03-20 08:00:01,light,Restrict,10.973390000000002,0.0,7.594995999999998,0.0,34.44366,-1.0,,,,,,0.5064611,0.7294503,-1.0,1.29806,1.77756,0.0,411.0
2022-03-20 16:00:01,15,Late_TRF,2022-03-20 08:00:01,light,Restrict,4.570769999999998,0.0014015799999999,2.4254099999999994,0.0747418,37.06836,-1.0,,,,,,0.4826302,0.7644296,-1.0,1.285296,1.68036,0.0,69.0
2022-03-20 16:00:01,16,Late_TRF,2022-03-20 08:00:01,light,Restrict,8.137909999999998,0.06242481,3.949978,0.0,33.96237,-1.0,,,,,,0.4968368,0.7606909,-1.0,1.318539,1.731111,0.0,1554.0
2022-03-20 17:00:01,13,Late_TRF,2022-03-20 09:00:01,light,Restrict,1.1456800000000025,0.0003375299999999,0.4684200000000018,0.0,31.15523,-1.0,,,,,,0.4917889,0.7782521,-1.0,1.331942,1.706002,0.0,584.0
2022-03-20 17:00:01,14,Late_TRF,2022-03-20 09:00:01,light,Restrict,7.769359999999999,0.01322942,5.959490000000002,0.001239861,34.12723,-1.0,,,,,,0.6017602,0.7551529,-1.0,1.585069,2.100038,0.0,1862.0
2022-03-20 17:00:01,15,Late_TRF,2022-03-20 09:00:01,light,Restrict,4.781220000000001,0.0068307899999999,2.8261570000000003,0.0536836,37.06836,-1.0,,,,,,0.6066196,0.7897945,-1.0,1.659669,2.099653,0.0,2439.0
2022-03-20 17:00:01,16,Late_TRF,2022-03-20 09:00:01,light,Restrict,1.7503799999999998,0.0091271999999999,0.57592,0.0,33.96237,-1.0,,,,,,0.4438988,0.793638,-1.0,1.219524,1.535021,0.0,131.0
2022-03-20 18:00:01,13,Late_TRF,2022-03-20 10:00:01,light,Restrict,15.339079999999996,0.03891087,10.71873,0.05008922,31.17834,-1.0,,,,,,0.595802,0.9489469,-1.0,1.598507,2.071069,0.0,3393.0
2022-03-20 18:00:01,14,Late_TRF,2022-03-20 10:00:01,light,Restrict,8.374779999999998,0.0096587299999999,5.18563,0.048077824,33.80754,-1.0,,,,,,0.5046372,0.8640545,-1.0,1.355251,1.753797,0.0,254.0
2022-03-20 18:00:01,15,Late_TRF,2022-03-20 10:00:01,light,Restrict,9.84589,0.01309737,6.0840900000000016,0.0713772,37.06836,-1.0,,,,,,0.4476614,0.538032,-1.0,1.232105,1.547403,0.0,501.0
2022-03-20 18:00:01,16,Late_TRF,2022-03-20 10:00:01,light,Restrict,5.073509999999999,0.0532377,3.066310000000001,0.02980848,33.96237,-1.0,,,,,,0.5353923,1.139288,-1.0,1.498922,1.843542,0.0,2410.0
2022-03-20 19:00:01,13,Late_TRF,2022-03-20 11:00:01,light,Restrict,10.28367,0.02176509,7.034229999999997,0.01875841,31.29102,-1.0,,,,,,0.4498823,0.789573,-1.0,1.179757,1.571486,0.0,561.0
2022-03-20 19:00:01,14,Late_TRF,2022-03-20 11:00:01,light,Restrict,4.22072,0.01686213,2.5651699999999984,0.0557237899999999,33.6247,-1.0,,,,,,0.557639,0.7489492,-1.0,1.45491,1.949976,0.0,1400.0
2022-03-20 19:00:01,15,Late_TRF,2022-03-20 11:00:01,light,Restrict,0.5393800000000013,0.0,0.1573499999999974,0.0,37.06836,-1.0,,,,,,0.4448622,0.7645031,-1.0,1.192523,1.546673,0.0,191.0
2022-03-20 19:00:01,16,Late_TRF,2022-03-20 11:00:01,light,Restrict,10.836650000000006,0.0582446,5.922099999999997,0.05805192,33.96237,-1.0,,,,,,0.454779,0.7563626,-1.0,1.116036,1.610078,0.0,1093.0
2022-03-20 20:00:01,13,Late_TRF,2022-03-20 12:00:01,light,Restrict,2.333820000000003,0.0019442999999999,1.4065100000000044,0.0,31.41264,-1.0,,,,,,0.4384751,0.7440037,-1.0,1.142151,1.533799,0.0,251.0
2022-03-20 20:00:01,14,Late_TRF,2022-03-20 12:00:01,light,Restrict,4.387689999999999,0.01566931,2.43271,0.0,33.79538,-1.0,,,,,,0.4512525,0.7238222,-1.0,1.148828,1.585961,0.0,192.0
2022-03-20 20:00:01,15,Late_TRF,2022-03-20 12:00:01,light,Restrict,5.081429999999997,0.0114279699999999,2.70458,0.0022822,37.06836,-1.0,,,,,,0.5024579,0.7525828,-1.0,1.32492,1.753092,0.0,1292.0
2022-03-20 20:00:01,16,Late_TRF,2022-03-20 12:00:01,light,Restrict,1.314249999999994,0.0,0.2878200000000035,0.0,33.96237,-1.0,,,,,,0.4211268,0.7216395,-1.0,0.9703756,1.508639,0.0,181.0
2022-03-20 21:00:01,13,Late_TRF,2022-03-20 13:00:01,light,Restrict,9.266009999999994,0.0342001,6.614689999999996,0.0143256399999999,31.53426,-1.0,,,,,,0.555051,0.7333081,-1.0,1.432608,1.94529,0.0,2306.0
2022-03-20 21:00:01,14,Late_TRF,2022-03-20 13:00:01,light,Restrict,0.910260000000001,0.0,0.1854700000000022,0.0,34.02118,-1.0,,,,,,0.4564308,0.7358806,-1.0,1.177196,1.599899,0.0,130.0
2022-03-20 21:00:01,15,Late_TRF,2022-03-20 13:00:01,light,Restrict,1.7734799999999993,0.0020918,0.749760000000002,0.0241521,37.06836,-1.0,,,,,,0.4369237,0.7564778,-1.0,1.153832,1.523959,0.0,125.0
2022-03-20 21:00:01,16,Late_TRF,2022-03-20 13:00:01,light,Restrict,1.235120000000002,0.0214077,0.2005799999999986,0.0,33.96237,-1.0,,,,,,0.4454108,0.7401244,-1.0,1.157351,1.558864,0.0,427.0
2022-03-20 22:00:01,13,Late_TRF,2022-03-20 14:00:01,light,Restrict,5.861080000000001,0.0145985999999999,3.903559999999999,0.00938671,31.65588,-1.0,,,,,,0.4212905,0.7187126,-1.0,1.065629,1.482599,0.0,126.0
2022-03-20 22:00:01,14,Late_TRF,2022-03-20 14:00:01,light,Restrict,3.258749999999999,0.0243107799999999,1.976770000000002,0.0,34.19398,-1.0,,,,,,0.5392032,0.7250887,-1.0,1.380441,1.892909,0.0,1480.0
2022-03-20 22:00:01,15,Late_TRF,2022-03-20 14:00:01,light,Restrict,0.7408900000000003,0.0,0.0487099999999998,0.0219669999999999,37.06836,-1.0,,,,,,0.4507081,0.7616162,-1.0,1.197517,1.569994,0.0,419.0
2022-03-20 22:00:01,16,Late_TRF,2022-03-20 14:00:01,light,Restrict,3.064950000000003,0.0125914999999999,1.235710000000001,0.0010147999999999,33.96237,-1.0,,,,,,0.5144792,0.7426614,-1.0,1.341465,1.799288,0.0,1853.0
2022-03-20 23:00:01,13,Late_TRF,2022-03-20 15:00:01,light,Restrict,2.553640000000001,0.0089596,1.582880000000003,0.00117519,31.7775,-1.0,,,,,,0.5144688,0.7300946,-1.0,1.320751,1.805057,0.0,1348.0
2022-03-20 23:00:01,14,Late_TRF,2022-03-20 15:00:01,light,Restrict,8.421310000000005,0.07596933,4.672779999999996,0.0,33.91291,-1.0,,,,,,0.4926676,0.7155752,-1.0,1.242203,1.734902,0.0,626.0
2022-03-20 23:00:01,15,Late_TRF,2022-03-20 15:00:01,light,Restrict,10.011430000000004,0.0276573999999999,6.535209999999999,0.0971445,37.06836,-1.0,,,,,,0.5587558,0.7374814,-1.0,1.451895,1.955544,0.0,2373.0
2022-03-20 23:00:01,16,Late_TRF,2022-03-20 15:00:01,light,Restrict,6.855919999999998,0.0085980999999999,3.452659999999998,0.0028307,33.96237,-1.0,,,,,,0.4382088,0.7231526,-1.0,1.114866,1.540329,0.0,335.0
2022-03-21 00:00:01,13,Late_TRF,2022-03-20 16:00:01,dark,Eat,8.61072,0.0269114,5.563870000000001,0.0479377299999999,31.92786,-1.0,,,,,,0.5653713,0.7564513,-1.0,1.504377,1.968793,0.0,1465.0
2022-03-21 00:00:01,14,Late_TRF,2022-03-20 16:00:01,dark,Eat,4.561609999999995,0.3725372999999999,2.96293,0.0,33.32459,-1.0,,,,,,0.5941172,0.7499483,-1.0,1.5614,2.074358,0.0,1427.0
2022-03-21 00:00:01,15,Late_TRF,2022-03-20 16:00:01,dark,Eat,5.975849999999994,0.2943837,3.847759999999997,0.0950157,37.06836,-1.0,,,,,,0.5450006,0.7789217,-1.0,1.483762,1.88843,0.0,1112.0
2022-03-21 00:00:01,16,Late_TRF,2022-03-20 16:00:01,dark,Eat,2.701129999999999,0.2906863999999999,1.5238200000000006,0.017833,33.96237,-1.0,,,,,,0.5283532,0.7730295,-1.0,1.433219,1.832212,0.0,1220.0
2022-03-21 01:00:01,13,Late_TRF,2022-03-20 17:00:01,dark,Eat,8.009510000000006,0.3635508,5.299399999999999,0.3878202,32.58193,-1.0,,,,,,0.550205,0.8637379,-1.0,1.621483,1.87179,0.0,543.0
2022-03-21 01:00:01,14,Late_TRF,2022-03-20 17:00:01,dark,Eat,8.410530000000008,0.5699569999999999,6.111440000000002,0.0,33.30467,-1.0,,,,,,0.5097702,0.8314658,-1.0,1.45398,1.747797,0.0,374.0
2022-03-21 01:00:01,15,Late_TRF,2022-03-20 17:00:01,dark,Eat,5.837210000000006,0.547374,3.6947900000000047,0.1264381999999999,37.06836,-1.0,,,,,,0.5217245,0.8889896,-1.0,1.572471,1.765099,0.0,488.0
2022-03-21 01:00:01,16,Late_TRF,2022-03-20 17:00:01,dark,Eat,5.555,0.5497597,3.201229999999999,0.1167553,33.96237,-1.0,,,,,,0.481228,0.8793655,-1.0,1.435375,1.632312,0.0,485.0
2022-03-21 02:00:01,13,Late_TRF,2022-03-20 18:00:01,dark,Eat,3.1299999999999955,0.5723333,1.633270000000003,0.1843726999999999,31.95235,-1.0,,,,,,0.5253986,0.8571394,-1.0,1.552181,1.786331,0.0,1222.0
2022-03-21 02:00:01,14,Late_TRF,2022-03-20 18:00:01,dark,Eat,2.9021899999999903,0.361528,1.5929099999999965,0.0477053,33.52206,-1.0,,,,,,0.538725,0.8367047,-1.0,1.541089,1.845802,0.0,712.0
2022-03-21 02:00:01,15,Late_TRF,2022-03-20 18:00:01,dark,Eat,2.298959999999994,0.6119444999999999,1.0484399999999994,0.1739698,37.06836,-1.0,,,,,,0.5476725,0.8734474,-1.0,1.635442,1.857162,0.0,502.0
2022-03-21 02:00:01,16,Late_TRF,2022-03-20 18:00:01,dark,Eat,2.7089300000000023,0.3268690000000001,0.3913399999999996,0.0806279,33.96237,-1.0,,,,,,0.5295889,0.8745111,-1.0,1.579382,1.796418,0.0,902.0
2022-03-21 03:00:01,13,Late_TRF,2022-03-20 19:00:01,dark,Eat,7.7334299999999985,0.3071939999999999,4.576979999999992,0.0473040999999999,30.72257,-1.0,,,,,,0.5919513,0.8969639,-1.0,1.795345,1.999544,0.0,1018.0
2022-03-21 03:00:01,14,Late_TRF,2022-03-20 19:00:01,dark,Eat,3.6274099999999976,0.3976490000000001,1.433489999999999,0.0858396999999999,33.48675,-1.0,,,,,,0.5709515,0.877544,-1.0,1.699163,1.937727,0.0,535.0
2022-03-21 03:00:01,15,Late_TRF,2022-03-20 19:00:01,dark,Eat,2.7445900000000023,0.5704550000000002,1.1138899999999978,0.0028034,37.06836,-1.0,,,,,,0.6009336,0.9234942,-1.0,1.864806,2.018037,0.0,1048.0
2022-03-21 03:00:01,16,Late_TRF,2022-03-20 19:00:01,dark,Eat,4.151790000000005,0.5809280000000001,1.524480000000004,0.069689,34.14635,-1.0,,,,,,0.6144419,0.9227039,-1.0,1.904084,2.064141,0.0,1203.0
2022-03-21 04:00:01,13,Late_TRF,2022-03-20 20:00:01,dark,Eat,4.380600000000001,0.5885,2.0084400000000078,0.0451505,31.11048,-1.0,,,,,,0.5821995,0.9227759,-1.0,1.805138,1.955555,0.0,1027.0
2022-03-21 04:00:01,14,Late_TRF,2022-03-20 20:00:01,dark,Eat,4.406570000000002,0.5806929999999997,1.883740000000003,0.0,33.21473,-1.0,,,,,,0.6134605,0.900463,-1.0,1.861017,2.072077,0.0,1708.0
2022-03-21 04:00:01,15,Late_TRF,2022-03-20 20:00:01,dark,Eat,4.209469999999996,0.7795359999999998,2.1796000000000006,0.0063528999999999,37.02979,-1.0,,,,,,0.6156881,0.9317139,-1.0,1.922116,2.064351,0.0,309.0
2022-03-21 04:00:01,16,Late_TRF,2022-03-20 20:00:01,dark,Eat,8.844789999999989,0.879194,5.367169999999994,0.0150517,34.47934,-1.0,,,,,,0.5923193,0.9336907,-1.0,1.853241,1.984853,0.0,1614.0
2022-03-21 05:00:01,13,Late_TRF,2022-03-20 21:00:01,dark,Eat,13.761200000000002,0.6228629999999997,9.376459999999994,0.2033846,31.43795,-1.0,,,,,,0.6100333,0.9133981,-1.0,1.876845,2.053142,0.0,2911.0
2022-03-21 05:00:01,14,Late_TRF,2022-03-20 21:00:01,dark,Eat,7.245360000000005,0.4649720000000004,3.7246900000000025,0.0001327,33.05937,-1.0,,,,,,0.6392553,0.8924211,-1.0,1.92857,2.162207,0.0,1713.0
2022-03-21 05:00:01,15,Late_TRF,2022-03-20 21:00:01,dark,Eat,9.433320000000007,0.647151,6.722700000000003,0.2271432999999999,37.16646,-1.0,,,,,,0.6666,0.9338925,-1.0,2.085882,2.233701,0.0,2738.0
2022-03-21 05:00:01,16,Late_TRF,2022-03-20 21:00:01,dark,Eat,4.34705000000001,0.3197349999999996,2.0911700000000053,0.0553873999999999,34.88168,-1.0,,,,,,0.6181098,0.941072,-1.0,1.947072,2.067589,0.0,1400.0
2022-03-21 06:00:01,13,Late_TRF,2022-03-20 22:00:01,dark,Eat,5.507300000000001,0.0693909999999999,3.4039999999999964,0.0716289999999999,31.45852,-1.0,,,,,,0.4799435,0.9151763,-1.0,1.478291,1.614836,0.0,175.0
2022-03-21 06:00:01,14,Late_TRF,2022-03-20 22:00:01,dark,Eat,10.910039999999997,0.6138809999999997,7.159849999999999,0.1036138999999999,33.46267,-1.0,,,,,,0.6027738,0.8847401,-1.0,1.807794,2.041819,0.0,1467.0
2022-03-21 06:00:01,15,Late_TRF,2022-03-20 22:00:01,dark,Eat,7.909219999999991,0.26586,5.160029999999999,0.1409139999999999,37.50154,-1.0,,,,,,0.5140894,0.9511924,-1.0,1.631772,1.716168,0.0,0.0
2022-03-21 06:00:01,16,Late_TRF,2022-03-20 22:00:01,dark,Eat,7.853789999999989,0.5858240000000001,4.985439999999997,0.0046711999999999,35.09717,-1.0,,,,,,0.5478632,0.9386333,-1.0,1.722105,1.833648,0.0,644.0
2022-03-21 07:00:01,13,Late_TRF,2022-03-20 23:00:01,dark,Eat,1.6225000000000025,0.0491670000000001,0.4285300000000092,0.0,31.44322,-1.0,,,,,,0.5137538,0.9152623,-1.0,1.583793,1.728214,0.0,1242.0
2022-03-21 07:00:01,14,Late_TRF,2022-03-20 23:00:01,dark,Eat,3.155600000000007,0.0297330000000002,1.2554099999999977,0.173029,33.45431,-1.0,,,,,,0.4929607,0.8830943,-1.0,1.476099,1.670501,0.0,539.0
2022-03-21 07:00:01,15,Late_TRF,2022-03-20 23:00:01,dark,Eat,1.4635999999999996,0.1063650000000002,1.123439999999995,0.0,37.22967,-1.0,,,,,,0.5469651,0.9538329,-1.0,1.739909,1.824853,0.0,547.0
2022-03-21 07:00:01,16,Late_TRF,2022-03-20 23:00:01,dark,Eat,0.9909200000000028,0.0,0.6887400000000028,0.0,34.74924,-1.0,,,,,,0.4556364,0.9405794,-1.0,1.433513,1.524607,0.0,0.0
2022-03-21 08:00:01,13,Late_TRF,2022-03-21 00:00:01,dark,Restrict,11.460499999999996,0.224237,7.087319999999991,0.0,31.42793,-1.0,,,,,,0.5608072,0.9056379,-1.0,1.713993,1.890665,0.0,1831.0
2022-03-21 08:00:01,14,Late_TRF,2022-03-21 00:00:01,dark,Restrict,1.793999999999997,0.001989,0.365390000000005,0.0179937,33.44596,-1.0,,,,,,0.5173994,0.8639745,-1.0,1.521251,1.761182,0.0,215.0
2022-03-21 08:00:01,15,Late_TRF,2022-03-21 00:00:01,dark,Restrict,2.2184100000000058,0.2017899999999999,1.669310000000003,0.0,36.98626,-1.0,,,,,,0.4703693,0.9377694,-1.0,1.476473,1.574856,0.0,0.0
2022-03-21 08:00:01,16,Late_TRF,2022-03-21 00:00:01,dark,Restrict,0.2681500000000056,0.00197,0.1418699999999972,0.0,34.70959,-1.0,,,,,,0.5023205,0.9211805,-1.0,1.557153,1.687338,0.0,411.0
2022-03-21 09:00:01,13,Late_TRF,2022-03-21 01:00:01,dark,Restrict,2.7841999999999985,0.0115020000000001,1.4162900000000036,0.0,31.41262,-1.0,,,,,,0.487005,0.8931678,-1.0,1.471846,1.646508,0.0,426.0
2022-03-21 09:00:01,14,Late_TRF,2022-03-21 01:00:01,dark,Restrict,1.5345999999999975,0.033989,0.4671299999999974,0.0,33.4376,-1.0,,,,,,0.5014946,0.8403602,-1.0,1.443814,1.715652,0.0,224.0
2022-03-21 09:00:01,15,Late_TRF,2022-03-21 01:00:01,dark,Restrict,1.6425600000000031,0.0010940000000001,0.9437300000000022,0.0164330000000001,36.79986,-1.0,,,,,,0.5846412,0.9235287,-1.0,1.812987,1.963678,0.0,1156.0
2022-03-21 09:00:01,16,Late_TRF,2022-03-21 01:00:01,dark,Restrict,8.930539999999993,0.062672,4.629660000000001,0.00583,34.66995,-1.0,,,,,,0.5725464,0.8932001,-1.0,1.729285,1.936019,0.0,3399.0
2022-03-21 10:00:01,13,Late_TRF,2022-03-21 02:00:01,dark,Restrict,1.293599999999998,0.0,0.3622699999999952,0.0,31.39733,-1.0,,,,,,0.4769787,0.8900054,-1.0,1.435758,1.614234,0.0,240.0
2022-03-21 10:00:01,14,Late_TRF,2022-03-21 02:00:01,dark,Restrict,4.695300000000003,0.0074579999999997,2.4231900000000053,0.0013826,33.49905,-1.0,,,,,,0.5784523,0.8356129,-1.0,1.657456,1.981154,0.0,1625.0
2022-03-21 10:00:01,15,Late_TRF,2022-03-21 02:00:01,dark,Restrict,5.143410000000003,0.0044339999999998,3.5066399999999973,0.0615399999999999,36.59022,-1.0,,,,,,0.5117339,0.894841,-1.0,1.548594,1.729549,0.0,63.0
2022-03-21 10:00:01,16,Late_TRF,2022-03-21 02:00:01,dark,Restrict,9.159999999999997,0.0131549999999998,4.946759999999998,0.0046678,34.6303,-1.0,,,,,,0.474429,0.8809932,-1.0,1.417344,1.608619,0.0,253.0
2022-03-21 11:00:01,13,Late_TRF,2022-03-21 03:00:01,dark,Restrict,1.0468999999999935,0.0,0.5741200000000077,0.0,31.38202,-1.0,,,,,,0.4730369,0.8752593,-1.0,1.405535,1.606045,0.0,132.0
2022-03-21 11:00:01,14,Late_TRF,2022-03-21 03:00:01,dark,Restrict,5.001800000000003,0.0039860000000002,2.3349599999999957,0.0043849999999999,33.83097,-1.0,,,,,,0.4801234,0.8144225,-1.0,1.34825,1.652091,0.0,162.0
2022-03-21 11:00:01,15,Late_TRF,2022-03-21 03:00:01,dark,Restrict,0.0640199999999993,0.0,0.0605499999999992,0.0,36.48362,-1.0,,,,,,0.4894752,0.8837342,-1.0,1.465182,1.658825,0.0,0.0
2022-03-21 11:00:01,16,Late_TRF,2022-03-21 03:00:01,dark,Restrict,0.6916000000000082,0.0,0.0563199999999994,0.0,34.59066,-1.0,,,,,,0.459511,0.8593912,-1.0,1.34563,1.565656,0.0,266.0
2022-03-21 12:00:01,13,Late_TRF,2022-03-21 04:00:01,dark,Restrict,1.2019999999999982,0.0,0.542500000000004,0.0,31.36673,-1.0,,,,,,0.4966674,0.8344436,-1.0,1.421398,1.701529,0.0,423.0
2022-03-21 12:00:01,14,Late_TRF,2022-03-21 04:00:01,dark,Restrict,0.9506999999999975,0.004108,0.3987999999999942,0.0,34.18988,-1.0,,,,,,0.5045601,0.7901737,-1.0,1.343602,1.75674,0.0,656.0
2022-03-21 12:00:01,15,Late_TRF,2022-03-21 04:00:01,dark,Restrict,2.943629999999999,0.0,1.9598100000000045,0.045339,36.07977,-1.0,,,,,,0.5775224,0.857467,-1.0,1.688604,1.968479,0.0,1121.0
2022-03-21 12:00:01,16,Late_TRF,2022-03-21 04:00:01,dark,Restrict,2.387100000000004,0.0088700000000003,0.7314300000000031,0.0075831,34.55101,-1.0,,,,,,0.5052441,0.8241922,-1.0,1.433336,1.734449,0.0,1078.0
2022-03-21 13:00:01,13,Late_TRF,2022-03-21 05:00:01,dark,Restrict,6.069800000000015,0.0,3.396169999999998,0.0,31.35143,-1.0,,,,,,0.5125728,0.7982402,-1.0,1.419538,1.769315,0.0,1299.0
2022-03-21 13:00:01,14,Late_TRF,2022-03-21 05:00:01,dark,Restrict,5.0301000000000045,0.0126759999999999,2.162689999999998,0.001705,34.54881,-1.0,,,,,,0.5012941,0.7846507,-1.0,1.365461,1.736793,0.0,649.0
2022-03-21 13:00:01,15,Late_TRF,2022-03-21 05:00:01,dark,Restrict,3.0305999999999926,0.0,2.0245800000000003,0.0517079999999998,35.77184,-1.0,,,,,,0.4619968,0.8254201,-1.0,1.309689,1.586255,0.0,0.0
2022-03-21 13:00:01,16,Late_TRF,2022-03-21 05:00:01,dark,Restrict,2.802599999999998,0.0127569999999996,1.012369999999997,0.0162813,34.51137,-1.0,,,,,,0.4526201,0.7954094,-1.0,1.244788,1.564814,0.0,76.0
2022-03-21 14:00:01,13,Late_TRF,2022-03-21 06:00:01,dark,Restrict,1.3780999999999892,0.0,0.6047099999999972,0.0,31.33612,-1.0,,,,,,0.4747666,0.8000451,-1.0,1.311121,1.639857,0.0,276.0
2022-03-21 14:00:01,14,Late_TRF,2022-03-21 06:00:01,dark,Restrict,1.4191999999999894,0.0,0.4667400000000015,0.0245995999999999,34.90772,-1.0,,,,,,0.484957,0.7877648,-1.0,1.324191,1.679285,0.0,284.0
2022-03-21 14:00:01,15,Late_TRF,2022-03-21 06:00:01,dark,Restrict,1.1265999999999965,0.0006329999999996,0.7242099999999994,0.050815,35.70653,-1.0,,,,,,0.5591219,0.8178928,-1.0,1.574291,1.922744,0.0,1041.0
2022-03-21 14:00:01,16,Late_TRF,2022-03-21 06:00:01,dark,Restrict,3.704799999999992,0.0020260000000003,1.523780000000002,0.0149768,34.47173,-1.0,,,,,,0.4902133,0.7792386,-1.0,1.327907,1.700471,0.0,1640.0
2022-03-21 15:00:01,13,Late_TRF,2022-03-21 07:00:01,dark,Restrict,1.2706000000000015,0.0,0.4383200000000045,0.0,31.32083,-1.0,,,,,,0.5015283,0.7964179,-1.0,1.381668,1.733235,0.0,450.0
2022-03-21 15:00:01,14,Late_TRF,2022-03-21 07:00:01,dark,Restrict,3.620200000000011,0.016782,2.1827400000000097,0.0017105,35.26653,-1.0,,,,,,0.5716671,0.7952995,-1.0,1.571873,1.976476,0.0,1225.0
2022-03-21 15:00:01,15,Late_TRF,2022-03-21 07:00:01,dark,Restrict,8.902000000000001,0.001106,5.305070000000001,0.3450900000000001,35.70728,-1.0,,,,,,0.4915011,0.7738835,-1.0,1.32158,1.707693,0.0,1331.0
2022-03-21 15:00:01,16,Late_TRF,2022-03-21 07:00:01,dark,Restrict,3.2893000000000114,0.0016079999999996,1.3980900000000034,0.0091630999999999,34.43208,-1.0,,,,,,0.4053567,0.7521238,-1.0,1.064236,1.415605,0.0,180.0
2022-03-21 16:00:01,13,Late_TRF,2022-03-21 08:00:01,light,Restrict,2.198300000000017,0.0,0.66570999999999,9.999999999177334e-07,31.30552,-1.0,,,,,,0.515099,0.8048373,-1.0,1.43394,1.775957,0.0,738.0
2022-03-21 16:00:01,14,Late_TRF,2022-03-21 08:00:01,light,Restrict,14.602599999999995,0.0425949999999999,9.93598999999999,0.0632606,35.18185,-1.0,,,,,,0.5463123,0.7612641,-1.0,1.451254,1.9031,0.0,1943.0
2022-03-21 16:00:01,15,Late_TRF,2022-03-21 08:00:01,light,Restrict,1.8352000000000004,0.0,0.7265000000000015,0.0604009999999999,35.72317,-1.0,,,,,,0.4965425,0.8148117,-1.0,1.393962,1.7087,0.0,374.0
2022-03-21 16:00:01,16,Late_TRF,2022-03-21 08:00:01,light,Restrict,2.396799999999999,0.0098880000000001,1.1304499999999962,0.0077903,34.39244,-1.0,,,,,,0.5247692,0.7800376,-1.0,1.421046,1.820471,0.0,1593.0
2022-03-21 17:00:01,13,Late_TRF,2022-03-21 09:00:01,light,Restrict,11.9486,0.0102109999999999,8.306370000000001,0.0445870000000001,31.27934,-1.0,,,,,,0.5551665,0.7752498,-1.0,1.500601,1.926696,0.0,2019.0
2022-03-21 17:00:01,14,Late_TRF,2022-03-21 09:00:01,light,Restrict,7.644599999999997,0.004261,4.599119999999999,0.0710180999999999,34.68174,-1.0,,,,,,0.4983782,0.7599381,-1.0,1.322196,1.736603,0.0,661.0
2022-03-21 17:00:01,15,Late_TRF,2022-03-21 09:00:01,light,Restrict,2.9315,0.0,1.3082399999999978,0.0131129999999999,35.73906,-1.0,,,,,,0.5961942,0.8069045,-1.0,1.658315,2.055943,0.0,1787.0
2022-03-21 17:00:01,16,Late_TRF,2022-03-21 09:00:01,light,Restrict,13.70959999999998,0.0292289999999999,8.008130000000001,0.0451239999999999,34.35279,-1.0,,,,,,0.5163063,0.7545063,-1.0,1.358762,1.80216,0.0,2383.0
2022-03-21 18:00:01,13,Late_TRF,2022-03-21 10:00:01,light,Restrict,5.440999999999974,0.0068039999999998,3.156000000000006,0.03176,31.23422,-1.0,,,,,,0.5504757,0.7768587,-1.0,1.486271,1.91088,0.0,1080.0
2022-03-21 18:00:01,14,Late_TRF,2022-03-21 10:00:01,light,Restrict,9.036900000000005,0.0296369999999996,5.676480000000012,0.0012497999999999,34.19186,-1.0,,,,,,0.665904,0.7791342,-1.0,1.798201,2.311492,0.0,3142.0
2022-03-21 18:00:01,15,Late_TRF,2022-03-21 10:00:01,light,Restrict,15.593000000000018,0.0,10.06563,0.199996,35.75494,-1.0,,,,,,0.5037457,0.7582409,-1.0,1.33279,1.75633,0.0,2189.0
2022-03-21 18:00:01,16,Late_TRF,2022-03-21 10:00:01,light,Restrict,3.8141000000000247,0.0008669999999999,1.6806899999999985,0.0103219000000001,34.31315,-1.0,,,,,,0.4625336,0.7798948,-1.0,1.254179,1.604103,0.0,533.0
2022-03-21 19:00:01,13,Late_TRF,2022-03-21 11:00:01,light,Restrict,4.607200000000006,0.0033020000000001,2.436300000000003,0.0139529999999998,31.18877,-1.0,,,,,,0.5187694,0.7392222,-1.0,1.337227,1.818621,0.0,900.0
2022-03-21 19:00:01,14,Late_TRF,2022-03-21 11:00:01,light,Restrict,18.184200000000004,0.0434710000000002,12.67707,0.0208255,34.23254,-1.0,,,,,,0.6025881,0.7450762,-1.0,1.56298,2.109739,0.0,2118.0
2022-03-21 19:00:01,15,Late_TRF,2022-03-21 11:00:01,light,Restrict,3.1610000000000014,0.0,1.6467799999999926,0.3396539999999999,35.77083,-1.0,,,,,,0.4527548,0.7605423,-1.0,1.192518,1.580053,0.0,162.0
2022-03-21 19:00:01,16,Late_TRF,2022-03-21 11:00:01,light,Restrict,3.1293000000000006,0.008826,1.2979799999999957,0.0133840999999998,34.2735,-1.0,,,,,,0.5303366,0.7604411,-1.0,1.3987,1.850287,0.0,1833.0
2022-03-21 20:00:01,13,Late_TRF,2022-03-21 12:00:01,light,Restrict,17.93640000000002,0.0156649999999998,13.0818,0.0050890000000001,31.14332,-1.0,,,,,,0.5972219,0.7390773,-1.0,1.546728,2.091605,0.0,4503.0
2022-03-21 20:00:01,14,Late_TRF,2022-03-21 12:00:01,light,Restrict,6.850400000000008,0.0176989999999999,5.0452999999999975,0.0018489999999999,34.08153,-1.0,,,,,,0.5155005,0.7481279,-1.0,1.347935,1.801791,0.0,127.0
2022-03-21 20:00:01,15,Late_TRF,2022-03-21 12:00:01,light,Restrict,1.8116999999999732,0.0026200000000002,0.4765800000000126,0.3334109999999999,35.78672,-1.0,,,,,,0.4627978,0.7626292,-1.0,1.231579,1.611563,0.0,537.0
2022-03-21 20:00:01,16,Late_TRF,2022-03-21 12:00:01,light,Restrict,13.376499999999991,0.01817,8.177270000000007,0.1218663000000001,34.23386,-1.0,,,,,,0.4849798,0.748957,-1.0,1.26983,1.694637,0.0,1887.0
2022-03-21 21:00:01,13,Late_TRF,2022-03-21 13:00:01,light,Restrict,12.239599999999996,0.0024960000000002,8.171199999999985,0.0008249999999998,31.09786,-1.0,,,,,,0.5146067,0.743785,-1.0,1.340089,1.800213,0.0,922.0
2022-03-21 21:00:01,14,Late_TRF,2022-03-21 13:00:01,light,Restrict,0.4911999999999921,0.0,0.3924999999999983,0.0,34.02556,-1.0,,,,,,0.4456976,0.7318399,-1.0,1.144352,1.563725,0.0,4.0
2022-03-21 21:00:01,15,Late_TRF,2022-03-21 13:00:01,light,Restrict,0.6163000000000238,6.4000000000064e-05,0.1080599999999947,0.0009290000000001,35.80261,-1.0,,,,,,0.4612471,0.7718782,-1.0,1.238958,1.602934,0.0,304.0
2022-03-21 21:00:01,16,Late_TRF,2022-03-21 13:00:01,light,Restrict,2.9191999999999894,0.0003960000000002,1.361930000000001,0.0,34.19421,-1.0,,,,,,0.4494667,0.7635502,-1.0,1.198571,1.564449,0.0,591.0
2022-03-21 22:00:01,13,Late_TRF,2022-03-21 14:00:01,light,Restrict,10.265199999999991,0.0312920000000001,7.194400000000002,0.0,31.05241,-1.0,,,,,,0.5365317,0.7325565,-1.0,1.381539,1.881302,0.0,1578.0
2022-03-21 22:00:01,14,Late_TRF,2022-03-21 14:00:01,light,Restrict,4.662399999999991,0.091488,3.487099999999998,0.0005853999999999,34.07814,-1.0,,,,,,0.5779028,0.7432574,-1.0,1.504205,2.021838,0.0,869.0
2022-03-21 22:00:01,15,Late_TRF,2022-03-21 14:00:01,light,Restrict,8.83189999999999,0.0,5.868099999999998,0.0845389999999999,35.8185,-1.0,,,,,,0.5383315,0.7445204,-1.0,1.409267,1.881132,0.0,1747.0
2022-03-21 22:00:01,16,Late_TRF,2022-03-21 14:00:01,light,Restrict,3.0348000000000184,0.0081799999999998,1.3277599999999978,0.0,34.15457,-1.0,,,,,,0.4051005,0.744872,-1.0,1.056408,1.416718,0.0,236.0
2022-03-21 23:00:01,13,Late_TRF,2022-03-21 15:00:01,light,Restrict,12.730199999999996,0.0297239999999998,9.546300000000002,0.0716479999999999,31.37376,-1.0,,,,,,0.6119315,0.7284057,-1.0,1.565866,2.148442,0.0,2564.0
2022-03-21 23:00:01,14,Late_TRF,2022-03-21 15:00:01,light,Restrict,1.664199999999994,0.033983,1.2021000000000015,0.0005133999999999,33.95161,-1.0,,,,,,0.4780306,0.6921392,-1.0,1.117849,1.7079,0.0,3.0
2022-03-21 23:00:01,15,Late_TRF,2022-03-21 15:00:01,light,Restrict,3.309100000000001,0.0,1.9748299999999968,0.0347690000000002,35.83438,-1.0,,,,,,0.4460022,0.7461373,-1.0,1.163414,1.559663,0.0,205.0
2022-03-21 23:00:01,16,Late_TRF,2022-03-21 15:00:01,light,Restrict,2.9536999999999978,0.008264,1.6758799999999925,0.0060822999999999,34.11493,-1.0,,,,,,0.5275636,0.7490594,-1.0,1.383463,1.842836,0.0,1767.0
2022-03-22 00:00:01,13,Late_TRF,2022-03-21 16:00:01,dark,Eat,18.09120000000001,0.3780039999999998,14.361500000000008,0.1296050000000002,31.79038,-1.0,,,,,,0.623534,0.7364635,-1.0,1.621518,2.181892,0.0,2874.0
2022-03-22 00:00:01,14,Late_TRF,2022-03-21 16:00:01,dark,Eat,3.104700000000008,0.2420900000000001,2.5900000000000034,0.0454622,34.1141,-1.0,,,,,,0.5886645,0.7206593,-1.0,1.507512,2.066421,0.0,728.0
2022-03-22 00:00:01,15,Late_TRF,2022-03-21 16:00:01,dark,Eat,5.571599999999989,0.3040320000000003,3.4990900000000096,0.0920809999999998,35.85027,-1.0,,,,,,0.5946094,0.7701103,-1.0,1.593602,2.067402,0.0,1669.0
2022-03-22 00:00:01,16,Late_TRF,2022-03-21 16:00:01,dark,Eat,13.221599999999995,0.2477919999999995,8.910570000000007,0.0895410999999999,34.07528,-1.0,,,,,,0.5326635,0.7407858,-1.0,1.401056,1.859466,0.0,1870.0
2022-03-22 01:00:01,13,Late_TRF,2022-03-21 17:00:01,dark,Eat,13.497199999999964,0.8183770000000004,9.022500000000008,0.436415,31.42935,-1.0,,,,,,0.6059946,0.8795053,-1.0,1.807225,2.0556,0.0,1319.0
2022-03-22 01:00:01,14,Late_TRF,2022-03-21 17:00:01,dark,Eat,3.065400000000011,0.2967179999999993,2.443100000000001,0.2974633999999999,34.5386,-1.0,,,,,,0.5268022,0.8199189,-1.0,1.485565,1.810962,0.0,103.0
2022-03-22 01:00:01,15,Late_TRF,2022-03-21 17:00:01,dark,Eat,7.059799999999996,0.4949149999999997,4.54177,0.2969699999999999,35.86616,-1.0,,,,,,0.5639203,0.898011,-1.0,1.710685,1.904758,0.0,1029.0
2022-03-22 01:00:01,16,Late_TRF,2022-03-21 17:00:01,dark,Eat,6.010799999999989,0.5749420000000001,3.183639999999997,0.0056342,34.03564,-1.0,,,,,,0.5673095,0.8754344,-1.0,1.688487,1.925321,0.0,725.0
2022-03-22 02:00:01,13,Late_TRF,2022-03-21 18:00:01,dark,Eat,7.972300000000018,0.4367969999999994,4.509399999999999,0.2858679999999998,32.40624,-1.0,,,,,,0.6190835,0.8918165,-1.0,1.867394,2.094068,0.0,2068.0
2022-03-22 02:00:01,14,Late_TRF,2022-03-21 18:00:01,dark,Eat,0.977499999999992,0.2617270000000005,0.7748999999999882,0.1539570000000001,34.80756,-1.0,,,,,,0.5916714,0.8539034,-1.0,1.723436,2.018541,0.0,147.0
2022-03-22 02:00:01,15,Late_TRF,2022-03-21 18:00:01,dark,Eat,5.142000000000024,0.5323389999999995,2.3643,0.2647729999999999,35.88205,-1.0,,,,,,0.5972612,0.9113312,-1.0,1.832578,2.011551,0.0,1038.0
2022-03-22 02:00:01,16,Late_TRF,2022-03-21 18:00:01,dark,Eat,6.393400000000014,0.5403650000000004,3.0691400000000044,0.0,33.99599,-1.0,,,,,,0.5986575,0.8985049,-1.0,1.816651,2.021926,0.0,1952.0
2022-03-22 03:00:01,13,Late_TRF,2022-03-21 19:00:01,dark,Eat,12.754700000000014,0.4515920000000006,8.009699999999981,0.3867090000000002,32.77451,-1.0,,,,,,0.630943,0.9006084,-1.0,1.917276,2.130223,0.0,1873.0
2022-03-22 03:00:01,14,Late_TRF,2022-03-21 19:00:01,dark,Eat,1.879199999999997,0.5268579999999998,1.4460000000000122,0.24235,35.25069,-1.0,,,,,,0.644677,0.854074,-1.0,1.878817,2.199098,0.0,462.0
2022-03-22 03:00:01,15,Late_TRF,2022-03-21 19:00:01,dark,Eat,5.5989999999999895,0.5178380000000002,2.6824999999999903,0.2040169999999999,35.82386,-1.0,,,,,,0.6481038,0.936984,-1.0,2.027984,2.171728,0.0,1651.0
2022-03-22 03:00:01,16,Late_TRF,2022-03-21 19:00:01,dark,Eat,6.5837999999999965,0.4846000000000003,3.481700000000004,0.0,33.95635,-1.0,,,,,,0.59154,0.9236301,-1.0,1.834189,1.986904,0.0,1099.0
2022-03-22 04:00:01,13,Late_TRF,2022-03-21 20:00:01,dark,Eat,8.493499999999983,0.5974149999999998,5.125500000000017,0.156724,32.83946,-1.0,,,,,,0.6306143,0.9283417,-1.0,1.963373,2.115897,0.0,1699.0
2022-03-22 04:00:01,14,Late_TRF,2022-03-21 20:00:01,dark,Eat,4.505300000000005,0.6755269999999998,3.180099999999996,0.1351379999999999,35.14846,-1.0,,,,,,0.6517144,0.8827466,-1.0,1.949507,2.209022,0.0,1528.0
2022-03-22 04:00:01,15,Late_TRF,2022-03-21 20:00:01,dark,Eat,6.7239999999999895,0.7493740000000004,3.7519000000000062,0.2693330000000005,36.28408,-1.0,,,,,,0.5831434,0.9425203,-1.0,1.8378,1.950381,0.0,654.0
2022-03-22 04:00:01,16,Late_TRF,2022-03-21 20:00:01,dark,Eat,3.649000000000001,0.4372069999999999,1.3048000000000002,0.0,33.91956,-1.0,,,,,,0.5692205,0.9463142,-1.0,1.801099,1.9018,0.0,920.0
2022-03-22 05:00:01,13,Late_TRF,2022-03-21 21:00:01,dark,Eat,9.057999999999993,0.5320130000000001,5.649100000000004,0.1362159999999996,33.02689,-1.0,,,,,,0.5947127,0.9282707,-1.0,1.851011,1.9956,0.0,1405.0
2022-03-22 05:00:01,14,Late_TRF,2022-03-21 21:00:01,dark,Eat,6.681899999999985,0.4874980000000004,4.376000000000005,0.1307509999999998,34.91836,-1.0,,,,,,0.6105969,0.8853223,-1.0,1.830395,2.068561,0.0,186.0
2022-03-22 05:00:01,15,Late_TRF,2022-03-21 21:00:01,dark,Eat,7.217399999999998,0.4910160000000001,4.573799999999991,0.1011639999999998,36.97195,-1.0,,,,,,0.6770301,0.9489165,-1.0,2.14358,2.261618,0.0,1695.0
2022-03-22 05:00:01,16,Late_TRF,2022-03-21 21:00:01,dark,Eat,9.91749999999999,0.797561,6.1396000000000015,0.150332,34.84121,-1.0,,,,,,0.5993739,0.9527671,-1.0,1.90604,1.999869,0.0,1629.0
2022-03-22 06:00:01,13,Late_TRF,2022-03-21 22:00:01,dark,Eat,3.512900000000002,0.2240779999999995,1.709800000000001,0.0,32.89745,-1.0,,,,,,0.5664109,0.9414635,-1.0,1.784011,1.894713,0.0,804.0
2022-03-22 06:00:01,14,Late_TRF,2022-03-21 22:00:01,dark,Eat,6.1678,0.4894619999999996,4.449399999999997,0.0,34.68825,-1.0,,,,,,0.6672311,0.8825125,-1.0,1.995759,2.261662,0.0,2632.0
2022-03-22 06:00:01,15,Late_TRF,2022-03-21 22:00:01,dark,Eat,5.128200000000021,0.1843319999999995,4.04310000000001,0.0616409999999998,37.03307,-1.0,,,,,,0.516645,0.9696532,-1.0,1.66563,1.717473,0.0,183.0
2022-03-22 06:00:01,16,Late_TRF,2022-03-21 22:00:01,dark,Eat,3.838400000000007,0.2521709999999997,2.498199999999997,0.0314324999999999,34.66103,-1.0,,,,,,0.5691499,0.9548377,-1.0,1.812703,1.898245,0.0,870.0
2022-03-22 07:00:01,13,Late_TRF,2022-03-21 23:00:01,dark,Eat,2.597000000000037,0.1995170000000001,1.092999999999989,0.0,32.76802,-1.0,,,,,,0.5775907,0.9226285,-1.0,1.790269,1.940237,0.0,519.0
2022-03-22 07:00:01,14,Late_TRF,2022-03-21 23:00:01,dark,Eat,17.437300000000022,0.160914,11.182699999999985,0.0,34.45814,-1.0,,,,,,0.5801726,0.8660133,-1.0,1.710642,1.973503,0.0,2078.0
2022-03-22 07:00:01,15,Late_TRF,2022-03-21 23:00:01,dark,Eat,7.811499999999995,0.0042939999999997,5.8904,0.0789559999999998,36.40807,-1.0,,,,,,0.5952779,0.93034,-1.0,1.86089,1.995218,0.0,1427.0
2022-03-22 07:00:01,16,Late_TRF,2022-03-21 23:00:01,dark,Eat,2.970399999999984,0.1738090000000003,1.8422999999999945,0.0,34.73471,-1.0,,,,,,0.4675342,0.9313431,-1.0,1.459571,1.56761,0.0,0.0
2022-03-22 08:00:01,13,Late_TRF,2022-03-22 00:00:01,dark,Restrict,11.406599999999967,0.1124359999999997,7.358900000000005,0.0229860000000003,32.65452,-1.0,,,,,,0.5960653,0.8702344,-1.0,1.765392,2.025348,0.0,3100.0
2022-03-22 08:00:01,14,Late_TRF,2022-03-22 00:00:01,dark,Restrict,2.809199999999976,0.0,1.1754000000000246,0.0116560000000001,34.22803,-1.0,,,,,,0.5399405,0.8496911,-1.0,1.5646,1.844344,0.0,189.0
2022-03-22 08:00:01,15,Late_TRF,2022-03-22 00:00:01,dark,Restrict,2.5524000000000058,0.0029150000000006,1.8297000000000023,0.053401,36.23122,-1.0,,,,,,0.514782,0.9179112,-1.0,1.589502,1.730959,0.0,21.0
2022-03-22 08:00:01,16,Late_TRF,2022-03-22 00:00:01,dark,Restrict,0.1401000000000181,0.0143939999999993,0.0981000000000023,0.0011049999999999,34.53027,-1.0,,,,,,0.4950481,0.9198644,-1.0,1.52905,1.664469,0.0,294.0
2022-03-22 09:00:01,13,Late_TRF,2022-03-22 01:00:01,dark,Restrict,5.595300000000009,0.0516270000000007,3.401299999999992,0.0050889999999998,32.61982,-1.0,,,,,,0.517679,0.8714758,-1.0,1.532353,1.759249,0.0,144.0
2022-03-22 09:00:01,14,Late_TRF,2022-03-22 01:00:01,dark,Restrict,0.9661000000000116,0.0,0.4250999999999862,0.1175489999999999,33.99793,-1.0,,,,,,0.5392134,0.8386745,-1.0,1.547724,1.846005,0.0,380.0
2022-03-22 09:00:01,15,Late_TRF,2022-03-22 01:00:01,dark,Restrict,0.9188999999999794,0.0,0.6802999999999884,0.0016750000000005,36.50157,-1.0,,,,,,0.5845373,0.9213623,-1.0,1.810982,1.963801,0.0,685.0
2022-03-22 09:00:01,16,Late_TRF,2022-03-22 01:00:01,dark,Restrict,1.3958999999999833,0.1477950000000003,0.8374000000000024,0.0104920000000001,34.16121,-1.0,,,,,,0.4916963,0.8965393,-1.0,1.489967,1.661262,0.0,0.0
2022-03-22 10:00:01,13,Late_TRF,2022-03-22 02:00:01,dark,Restrict,2.7760000000000105,0.0,1.5324999999999989,0.0,32.59581,-1.0,,,,,,0.4904574,0.8447332,-1.0,1.419931,1.675678,0.0,715.0
2022-03-22 10:00:01,14,Late_TRF,2022-03-22 02:00:01,dark,Restrict,3.15270000000001,0.0,1.6237999999999886,0.0010149999999999,33.76782,-1.0,,,,,,0.5418189,0.8085681,-1.0,1.511349,1.867233,0.0,483.0
2022-03-22 10:00:01,15,Late_TRF,2022-03-22 02:00:01,dark,Restrict,5.1541,0.0,3.8474999999999966,0.0563529999999996,36.2001,-1.0,,,,,,0.5377651,0.8828701,-1.0,1.613218,1.8215,0.0,391.0
2022-03-22 10:00:01,16,Late_TRF,2022-03-22 02:00:01,dark,Restrict,6.475400000000008,0.0043379999999997,4.134900000000002,0.0137659999999999,33.63993,-1.0,,,,,,0.5654467,0.8794278,-1.0,1.685666,1.918235,0.0,2820.0
2022-03-22 11:00:01,13,Late_TRF,2022-03-22 03:00:01,dark,Restrict,1.4330999999999676,0.0,0.6970000000000027,0.0,32.57179,-1.0,,,,,,0.4811434,0.8330103,-1.0,1.372644,1.649559,0.0,174.0
2022-03-22 11:00:01,14,Late_TRF,2022-03-22 03:00:01,dark,Restrict,1.9044999999999843,0.0,0.9715000000000202,0.0,33.53771,-1.0,,,,,,0.5537333,0.8006558,-1.0,1.532727,1.911619,0.0,645.0
2022-03-22 11:00:01,15,Late_TRF,2022-03-22 03:00:01,dark,Restrict,1.0662000000000091,0.0,0.8160000000000025,0.0243380000000001,36.12586,-1.0,,,,,,0.4962958,0.8530514,-1.0,1.444092,1.693588,0.0,0.0
2022-03-22 11:00:01,16,Late_TRF,2022-03-22 03:00:01,dark,Restrict,7.438600000000008,0.0089230000000002,4.3339,0.0104359999999998,33.51768,-1.0,,,,,,0.4805971,0.8572951,-1.0,1.404966,1.638178,0.0,219.0
2022-03-22 12:00:01,13,Late_TRF,2022-03-22 04:00:01,dark,Restrict,1.5615000000000236,0.0,0.617999999999995,0.0,32.54778,-1.0,,,,,,0.5162959,0.8323285,-1.0,1.475186,1.769443,0.0,544.0
2022-03-22 12:00:01,14,Late_TRF,2022-03-22 04:00:01,dark,Restrict,3.432600000000008,0.0,1.6730000000000018,0.0,33.30761,-1.0,,,,,,0.4934902,0.7876866,-1.0,1.346851,1.709013,0.0,224.0
2022-03-22 12:00:01,15,Late_TRF,2022-03-22 04:00:01,dark,Restrict,2.336999999999989,0.0,1.4703000000000088,0.0593810000000001,35.99603,-1.0,,,,,,0.5536603,0.8767641,-1.0,1.649071,1.87866,0.0,823.0
2022-03-22 12:00:01,16,Late_TRF,2022-03-22 04:00:01,dark,Restrict,0.7182999999999993,0.0,0.0323999999999955,0.0,33.53259,-1.0,,,,,,0.4733642,0.8269038,-1.0,1.343309,1.624893,0.0,242.0
2022-03-22 13:00:01,13,Late_TRF,2022-03-22 05:00:01,dark,Restrict,1.2971000000000004,0.0,0.5632999999999981,0.0,32.52377,-1.0,,,,,,0.4841424,0.8161207,-1.0,1.359337,1.665976,0.0,82.0
2022-03-22 13:00:01,14,Late_TRF,2022-03-22 05:00:01,dark,Restrict,1.7923000000000116,0.0,0.8213999999999828,2.999999999997449e-05,33.08013,-1.0,,,,,,0.5733347,0.7841515,-1.0,1.559934,1.986879,0.0,1257.0
2022-03-22 13:00:01,15,Late_TRF,2022-03-22 05:00:01,dark,Restrict,1.5541000000000054,0.0,1.0141999999999882,0.0265219999999999,35.97089,-1.0,,,,,,0.4856716,0.8477566,-1.0,1.406143,1.659308,0.0,0.0
2022-03-22 13:00:01,16,Late_TRF,2022-03-22 05:00:01,dark,Restrict,1.7151000000000067,0.0,0.8425000000000011,0.001425,33.54749,-1.0,,,,,,0.4469285,0.7954318,-1.0,1.230733,1.544689,0.0,251.0
2022-03-22 14:00:01,13,Late_TRF,2022-03-22 06:00:01,dark,Restrict,1.081700000000012,0.0,0.4925000000000068,0.0,32.49975,-1.0,,,,,,0.5243187,0.8271319,-1.0,1.489974,1.799222,0.0,1105.0
2022-03-22 14:00:01,14,Late_TRF,2022-03-22 06:00:01,dark,Restrict,10.18350000000001,0.0,6.564900000000023,0.0112610000000001,33.08616,-1.0,,,,,,0.5166359,0.7777739,-1.0,1.397742,1.792615,0.0,760.0
2022-03-22 14:00:01,15,Late_TRF,2022-03-22 06:00:01,dark,Restrict,0.0238999999999975,0.0,0.0152000000000214,5.800000000011352e-05,36.00531,-1.0,,,,,,0.4942932,0.8535928,-1.0,1.43969,1.686354,0.0,106.0
2022-03-22 14:00:01,16,Late_TRF,2022-03-22 06:00:01,dark,Restrict,0.4095999999999833,0.0,0.0578999999999894,0.0001010000000001,33.56239,-1.0,,,,,,0.4539357,0.7901253,-1.0,1.242421,1.571042,0.0,256.0
2022-03-22 15:00:01,13,Late_TRF,2022-03-22 07:00:01,dark,Restrict,5.0856,0.0,2.9873000000000047,0.0,32.47573,-1.0,,,,,,0.4606082,0.792074,-1.0,1.261933,1.593784,0.0,141.0
2022-03-22 15:00:01,14,Late_TRF,2022-03-22 07:00:01,dark,Restrict,2.466700000000003,0.0,1.4931999999999732,0.0,33.24334,-1.0,,,,,,0.471376,0.7498186,-1.0,1.234882,1.646914,0.0,397.0
2022-03-22 15:00:01,15,Late_TRF,2022-03-22 07:00:01,dark,Restrict,5.404200000000003,0.0,2.947399999999988,0.1965049999999992,36.30569,-1.0,,,,,,0.5536241,0.8831208,-1.0,1.656011,1.876559,0.0,1612.0
2022-03-22 15:00:01,16,Late_TRF,2022-03-22 07:00:01,dark,Restrict,1.377900000000011,0.0057770000000001,0.2738000000000227,0.0,33.57729,-1.0,,,,,,0.5201034,0.7809656,-1.0,1.40922,1.804058,0.0,1175.0
2022-03-22 16:00:01,13,Late_TRF,2022-03-22 08:00:01,light,Restrict,1.8404999999999632,0.0,0.7931000000000097,0.0087999999999999,32.44127,-1.0,,,,,,0.5213663,0.8147293,-1.0,1.464965,1.793755,0.0,768.0
2022-03-22 16:00:01,14,Late_TRF,2022-03-22 08:00:01,light,Restrict,1.4372999999999934,0.0,0.7652000000000214,0.0,33.40051,-1.0,,,,,,0.4634622,0.7614139,-1.0,1.229702,1.6149,0.0,168.0
2022-03-22 16:00:01,15,Late_TRF,2022-03-22 08:00:01,light,Restrict,2.624600000000015,0.0,1.373899999999992,0.0233170000000004,35.96679,-1.0,,,,,,0.5025323,0.8725817,-1.0,1.489702,1.707162,0.0,153.0
2022-03-22 16:00:01,16,Late_TRF,2022-03-22 08:00:01,light,Restrict,13.50739999999999,0.035965,8.43859999999998,0.0580609999999999,33.59219,-1.0,,,,,,0.5682454,0.7725498,-1.0,1.525322,1.97507,0.0,3454.0
2022-03-22 17:00:01,13,Late_TRF,2022-03-22 09:00:01,light,Restrict,2.900300000000016,0.2354059999999993,1.1333999999999946,0.0081950000000001,32.32965,-1.0,,,,,,0.5512173,0.8052228,-1.0,1.531086,1.90144,0.0,892.0
2022-03-22 17:00:01,14,Late_TRF,2022-03-22 09:00:01,light,Restrict,4.953199999999981,0.0072920000000005,3.252299999999991,0.0040489999999999,33.55769,-1.0,,,,,,0.6044227,0.7731801,-1.0,1.624166,2.100326,0.0,2156.0
2022-03-22 17:00:01,15,Late_TRF,2022-03-22 09:00:01,light,Restrict,9.159199999999998,0.0006099999999999,5.944400000000002,0.0830779999999995,35.8161,-1.0,,,,,,0.6619664,0.8766641,-1.0,1.969665,2.24672,0.0,3967.0
2022-03-22 17:00:01,16,Late_TRF,2022-03-22 09:00:01,light,Restrict,11.562999999999988,0.0329990000000002,6.917000000000002,0.0381599999999999,33.6071,-1.0,,,,,,0.4588141,0.7536526,-1.0,1.208012,1.60133,0.0,780.0
2022-03-22 18:00:01,13,Late_TRF,2022-03-22 10:00:01,light,Restrict,9.249599999999988,0.6451190000000002,5.659699999999987,0.0071819999999998,32.08961,-1.0,,,,,,0.5833348,0.7722868,-1.0,1.569024,2.026619,0.0,1925.0
2022-03-22 18:00:01,14,Late_TRF,2022-03-22 10:00:01,light,Restrict,14.243400000000008,0.0128339999999997,9.29249999999999,0.0466159999999999,33.71487,-1.0,,,,,,0.5285727,0.7384838,-1.0,1.370803,1.850656,0.0,1829.0
2022-03-22 18:00:01,15,Late_TRF,2022-03-22 10:00:01,light,Restrict,21.2235,0.0002769999999996,14.2791,0.4121630000000005,36.02335,-1.0,,,,,,0.552355,0.8006055,-1.0,1.465225,1.924734,0.0,2560.0
2022-03-22 18:00:01,16,Late_TRF,2022-03-22 10:00:01,light,Restrict,1.7409000000000106,0.0003839999999994,0.3828000000000031,0.0,33.622,-1.0,,,,,,0.51355,0.7800152,-1.0,1.391974,1.781184,0.0,1064.0
2022-03-22 19:00:01,13,Late_TRF,2022-03-22 11:00:01,light,Restrict,7.612000000000023,0.5472530000000004,4.365499999999997,0.0036429999999998,31.65357,-1.0,,,,,,0.5512124,0.7620398,-1.0,1.464533,1.920096,0.0,1359.0
2022-03-22 19:00:01,14,Late_TRF,2022-03-22 11:00:01,light,Restrict,4.02109999999999,0.0,1.6513000000000204,0.0001169999999999,33.87204,-1.0,,,,,,0.4488548,0.7550238,-1.0,1.183528,1.566083,0.0,362.0
2022-03-22 19:00:01,15,Late_TRF,2022-03-22 11:00:01,light,Restrict,3.222200000000015,0.0,1.220799999999997,0.0962209999999998,36.05383,-1.0,,,,,,0.4482458,0.795123,-1.0,1.231866,1.549942,0.0,80.0
2022-03-22 19:00:01,16,Late_TRF,2022-03-22 11:00:01,light,Restrict,11.175900000000013,0.0620020000000005,6.620399999999989,0.0613559999999999,33.6369,-1.0,,,,,,0.5836282,0.7505572,-1.0,1.530031,2.038803,0.0,2643.0
2022-03-22 20:00:01,13,Late_TRF,2022-03-22 12:00:01,light,Restrict,6.891900000000021,0.949071,4.038499999999999,0.0247040000000002,31.21383,-1.0,,,,,,0.5494592,0.7587371,-1.0,1.454316,1.915549,0.0,1239.0
2022-03-22 20:00:01,14,Late_TRF,2022-03-22 12:00:01,light,Restrict,1.3485999999999765,0.0025479999999999,0.4117999999999995,0.0,34.02922,-1.0,,,,,,0.4703357,0.7545693,-1.0,1.239576,1.641197,0.0,561.0
2022-03-22 20:00:01,15,Late_TRF,2022-03-22 12:00:01,light,Restrict,4.784999999999968,0.0,2.536400000000014,0.0462759999999997,36.0843,-1.0,,,,,,0.5079706,0.7053556,-1.0,1.197089,1.81228,0.0,1391.0
2022-03-22 20:00:01,16,Late_TRF,2022-03-22 12:00:01,light,Restrict,9.583100000000002,0.0040269999999997,5.60990000000001,0.003311,33.6518,-1.0,,,,,,0.4488991,0.7505577,-1.0,1.176893,1.568132,0.0,969.0
2022-03-22 21:00:01,13,Late_TRF,2022-03-22 13:00:01,light,Restrict,6.277299999999968,0.9232959999999988,3.707899999999995,0.0436359999999997,31.58073,-1.0,,,,,,0.5479958,0.7544649,-1.0,1.443523,1.91239,0.0,1223.0
2022-03-22 21:00:01,14,Late_TRF,2022-03-22 13:00:01,light,Restrict,8.677800000000047,0.0475339999999997,5.431600000000003,0.0293620000000001,33.87034,-1.0,,,,,,0.5432414,0.7455627,-1.0,1.416342,1.899911,0.0,2115.0
2022-03-22 21:00:01,15,Late_TRF,2022-03-22 13:00:01,light,Restrict,1.8076000000000365,0.0,0.7982999999999834,0.0087030000000005,36.11477,-1.0,,,,,,0.4591186,0.7811456,-1.0,1.243831,1.592565,0.0,115.0
2022-03-22 21:00:01,16,Late_TRF,2022-03-22 13:00:01,light,Restrict,1.417699999999968,0.0,0.3027999999999906,0.0,33.66671,-1.0,,,,,,0.4597671,0.7581578,-1.0,1.216349,1.603021,0.0,460.0
2022-03-22 22:00:01,13,Late_TRF,2022-03-22 14:00:01,light,Restrict,9.890899999999988,0.8890000000000011,6.888500000000022,0.0,31.32137,-1.0,,,,,,0.5529481,0.7392109,-1.0,1.431437,1.936725,0.0,1665.0
2022-03-22 22:00:01,14,Late_TRF,2022-03-22 14:00:01,light,Restrict,7.837400000000002,0.0023569999999999,4.661999999999978,0.01156,33.45679,-1.0,,,,,,0.4741501,0.7449473,-1.0,1.237892,1.657801,0.0,783.0
2022-03-22 22:00:01,15,Late_TRF,2022-03-22 14:00:01,light,Restrict,3.043399999999963,0.0,1.5478000000000236,0.0378109999999995,36.14524,-1.0,,,,,,0.5391905,0.779656,-1.0,1.459893,1.870557,0.0,1719.0
2022-03-22 22:00:01,16,Late_TRF,2022-03-22 14:00:01,light,Restrict,4.779300000000035,0.0040329999999997,2.591700000000003,0.022286,33.68161,-1.0,,,,,,0.5267829,0.757876,-1.0,1.394661,1.836392,0.0,2010.0
2022-03-22 23:00:01,13,Late_TRF,2022-03-22 15:00:01,light,Restrict,10.25690000000003,0.4585499999999989,7.406899999999979,0.0132449999999999,31.18827,-1.0,,,,,,0.5561567,0.7333233,-1.0,1.430265,1.950623,0.0,1597.0
2022-03-22 23:00:01,14,Late_TRF,2022-03-22 15:00:01,light,Restrict,8.363999999999976,0.0168990000000004,4.937900000000013,0.0,33.70668,-1.0,,,,,,0.5367427,0.7305302,-1.0,1.353789,1.889983,0.0,1582.0
2022-03-22 23:00:01,15,Late_TRF,2022-03-22 15:00:01,light,Restrict,6.624099999999999,0.0,3.7118999999999858,0.0352620000000003,36.17571,-1.0,,,,,,0.4287533,0.7389579,-1.0,1.109825,1.501756,0.0,264.0
2022-03-22 23:00:01,16,Late_TRF,2022-03-22 15:00:01,light,Restrict,8.454499999999996,0.0089160000000001,5.288499999999999,0.0585279999999999,33.69651,-1.0,,,,,,0.4128942,0.7312446,-1.0,1.059338,1.448856,0.0,308.0
2022-03-23 00:00:01,13,Late_TRF,2022-03-22 16:00:01,dark,Eat,16.838599999999985,0.8019500000000015,13.0642,0.0773700000000001,31.86743,-1.0,,,,,,0.6303515,0.7646377,-1.0,1.677438,2.19503,0.0,3827.0
2022-03-23 00:00:01,14,Late_TRF,2022-03-22 16:00:01,dark,Eat,6.1621000000000095,0.2872940000000001,3.157999999999987,0.0428959999999998,33.95659,-1.0,,,,,,0.5837301,0.7731338,-1.0,1.571411,2.027621,0.0,1697.0
2022-03-23 00:00:01,15,Late_TRF,2022-03-22 16:00:01,dark,Eat,4.127200000000016,0.2469000000000001,2.104299999999995,0.0380019999999996,36.20618,-1.0,,,,,,0.5711795,0.7965653,-1.0,1.57461,1.973646,0.0,1390.0
2022-03-23 00:00:01,16,Late_TRF,2022-03-22 16:00:01,dark,Eat,3.59050000000002,0.2658659999999999,2.290300000000002,0.0363660000000001,33.71141,-1.0,,,,,,0.5461591,0.7830315,-1.0,1.49039,1.89147,0.0,1443.0
2022-03-23 01:00:01,13,Late_TRF,2022-03-22 17:00:01,dark,Eat,17.542700000000025,0.8989599999999989,12.605799999999988,0.2730399999999999,32.12611,-1.0,,,,,,0.5939512,0.9070805,-1.0,1.81605,2.002191,0.0,1442.0
2022-03-23 01:00:01,14,Late_TRF,2022-03-22 17:00:01,dark,Eat,5.659800000000018,0.453278,3.356000000000023,0.158465,34.20665,-1.0,,,,,,0.5261571,0.8701114,-1.0,1.558773,1.787689,0.0,219.0
2022-03-23 01:00:01,15,Late_TRF,2022-03-22 17:00:01,dark,Eat,4.4576999999999884,0.8803449999999993,2.546999999999997,0.2480700000000002,36.19265,-1.0,,,,,,0.5192506,0.9375905,-1.0,1.628228,1.73899,0.0,246.0
2022-03-23 01:00:01,16,Late_TRF,2022-03-22 17:00:01,dark,Eat,5.869599999999991,0.4660419999999998,3.5124000000000137,0.1565669999999999,33.72631,-1.0,,,,,,0.4873229,0.9102068,-1.0,1.495191,1.641301,0.0,380.0
2022-03-23 02:00:01,13,Late_TRF,2022-03-22 18:00:01,dark,Eat,5.3098999999999705,0.4318400000000011,2.994600000000048,0.1415389999999998,32.62654,-1.0,,,,,,0.6066751,0.9300683,-1.0,1.892066,2.034668,0.0,1202.0
2022-03-23 02:00:01,14,Late_TRF,2022-03-22 18:00:01,dark,Eat,1.7413999999999987,0.3356529999999997,0.3008999999999844,0.1400519999999998,34.45674,-1.0,,,,,,0.6308599,0.8922336,-1.0,1.904456,2.13347,0.0,957.0
2022-03-23 02:00:01,15,Late_TRF,2022-03-22 18:00:01,dark,Eat,3.544399999999996,0.3975460000000002,2.044700000000006,0.0537140000000002,36.37851,-1.0,,,,,,0.6001546,0.9544164,-1.0,1.910807,2.001833,0.0,1692.0
2022-03-23 02:00:01,16,Late_TRF,2022-03-22 18:00:01,dark,Eat,4.538000000000011,0.4306319999999992,1.8641999999999823,0.035107,33.74121,-1.0,,,,,,0.5999262,0.9362115,-1.0,1.87971,2.009594,0.0,1381.0
2022-03-23 03:00:01,13,Late_TRF,2022-03-22 19:00:01,dark,Eat,7.967899999999986,0.5936699999999995,5.029699999999991,0.230652,32.29385,-1.0,,,,,,0.6083692,0.9498373,-1.0,1.929627,2.031291,0.0,1963.0
2022-03-23 03:00:01,14,Late_TRF,2022-03-22 19:00:01,dark,Eat,4.50019999999995,0.5883959999999995,1.3027999999999906,0.032308,34.74038,-1.0,,,,,,0.6272484,0.9122336,-1.0,1.927068,2.111851,0.0,1191.0
2022-03-23 03:00:01,15,Late_TRF,2022-03-22 19:00:01,dark,Eat,6.52030000000002,0.8069870000000012,3.700800000000015,0.2423929999999998,36.05314,-1.0,,,,,,0.6069939,0.9680164,-1.0,1.95333,2.018823,0.0,833.0
2022-03-23 03:00:01,16,Late_TRF,2022-03-22 19:00:01,dark,Eat,5.923799999999972,0.6683340000000015,3.348700000000008,0.0372460000000001,33.7766,-1.0,,,,,,0.5715443,0.9452202,-1.0,1.805797,1.910309,0.0,816.0
2022-03-23 04:00:01,13,Late_TRF,2022-03-22 20:00:01,dark,Eat,13.303600000000015,0.5592299999999994,8.844699999999989,0.1080269999999998,33.24364,-1.0,,,,,,0.6331245,0.9526788,-1.0,2.013057,2.112569,0.0,3366.0
2022-03-23 04:00:01,14,Late_TRF,2022-03-22 20:00:01,dark,Eat,5.168100000000038,0.4492419999999999,1.964400000000012,0.0,35.30344,-1.0,,,,,,0.6116663,0.9178884,-1.0,1.890047,2.056343,0.0,1061.0
2022-03-23 04:00:01,15,Late_TRF,2022-03-22 20:00:01,dark,Eat,7.664299999999969,0.920971999999999,4.143000000000001,0.0290549999999996,37.31028,-1.0,,,,,,0.6049509,0.9742637,-1.0,1.957702,2.008956,0.0,1818.0
2022-03-23 04:00:01,16,Late_TRF,2022-03-22 20:00:01,dark,Eat,3.148900000000026,0.450213999999999,1.4609000000000094,0.0,34.26876,-1.0,,,,,,0.5974765,0.9677051,-1.0,1.923571,1.986925,0.0,803.0
2022-03-23 05:00:01,13,Late_TRF,2022-03-22 21:00:01,dark,Eat,16.1293,0.3232499999999998,10.781299999999987,0.0413780000000003,32.90129,-1.0,,,,,,0.6111174,0.9525466,-1.0,1.943242,2.039093,0.0,2990.0
2022-03-23 05:00:01,14,Late_TRF,2022-03-22 21:00:01,dark,Eat,9.630600000000015,0.7473330000000011,5.271800000000013,0.0426870000000003,35.25636,-1.0,,,,,,0.6235496,0.9245593,-1.0,1.934909,2.094007,0.0,2488.0
2022-03-23 05:00:01,15,Late_TRF,2022-03-22 21:00:01,dark,Eat,7.896400000000028,0.4161400000000004,4.5908000000000015,0.0439559999999996,37.65564,-1.0,,,,,,0.6540253,0.9805591,-1.0,2.124587,2.16966,0.0,2313.0
2022-03-23 05:00:01,16,Late_TRF,2022-03-22 21:00:01,dark,Eat,4.807699999999954,0.6788600000000002,3.206400000000002,0.0022409999999999,34.57001,-1.0,,,,,,0.6206318,0.96465,-1.0,1.992709,2.065447,0.0,2115.0
2022-03-23 06:00:01,13,Late_TRF,2022-03-22 22:00:01,dark,Eat,11.41360000000003,0.1878100000000007,7.40160000000003,0.0,32.99802,-1.0,,,,,,0.5141724,0.9430642,-1.0,1.621264,1.719468,0.0,309.0
2022-03-23 06:00:01,14,Late_TRF,2022-03-22 22:00:01,dark,Eat,7.664499999999975,0.2830639999999995,4.044899999999984,0.0639139999999995,35.20928,-1.0,,,,,,0.6232045,0.9299532,-1.0,1.943903,2.090024,0.0,1423.0
2022-03-23 06:00:01,15,Late_TRF,2022-03-22 22:00:01,dark,Eat,13.740499999999995,0.589929999999999,9.36929999999998,0.0502520000000004,36.50653,-1.0,,,,,,0.5574337,0.9824412,-1.0,1.815586,1.847887,0.0,1392.0
2022-03-23 06:00:01,16,Late_TRF,2022-03-22 22:00:01,dark,Eat,16.322400000000016,0.7405399999999993,11.537299999999988,0.0492179999999999,34.73236,-1.0,,,,,,0.5721716,0.9728421,-1.0,1.847923,1.901139,0.0,1465.0
2022-03-23 07:00:01,13,Late_TRF,2022-03-22 23:00:01,dark,Eat,0.8223999999999592,0.25014,0.2744999999999891,0.0,32.66624,-1.0,,,,,,0.496628,0.9509487,-1.0,1.576406,1.657861,0.0,80.0
2022-03-23 07:00:01,14,Late_TRF,2022-03-22 23:00:01,dark,Eat,10.81389999999999,0.3588299999999993,6.249300000000005,0.0023900000000001,35.1622,-1.0,,,,,,0.5786754,0.9347743,-1.0,1.810364,1.939185,0.0,2304.0
2022-03-23 07:00:01,15,Late_TRF,2022-03-22 23:00:01,dark,Eat,2.8695999999999917,0.1380400000000001,1.602499999999992,0.0279749999999996,36.52751,-1.0,,,,,,0.5161317,0.9849939,-1.0,1.684419,1.71003,0.0,122.0
2022-03-23 07:00:01,16,Late_TRF,2022-03-22 23:00:01,dark,Eat,1.56189999999998,0.1081000000000003,1.022800000000018,1.399999999995849e-05,34.63157,-1.0,,,,,,0.4861175,0.9810976,-1.0,1.581358,1.612021,0.0,0.0
2022-03-23 08:00:01,13,Late_TRF,2022-03-23 00:00:01,dark,Restrict,1.436399999999992,0.2875300000000003,0.6949000000000183,0.0,32.33445,-1.0,,,,,,0.5107809,0.9339401,-1.0,1.601923,1.710553,0.0,364.0
2022-03-23 08:00:01,14,Late_TRF,2022-03-23 00:00:01,dark,Restrict,4.2047000000000025,0.0275999999999996,1.915300000000002,0.0002050000000002,35.11512,-1.0,,,,,,0.5139875,0.9191847,-1.0,1.586076,1.728561,0.0,106.0
2022-03-23 08:00:01,15,Late_TRF,2022-03-23 00:00:01,dark,Restrict,1.2536000000000058,0.0,0.4441000000000201,0.0603680000000004,36.54848,-1.0,,,,,,0.5464818,0.9756485,-1.0,1.769391,1.814536,0.0,546.0
2022-03-23 08:00:01,16,Late_TRF,2022-03-23 00:00:01,dark,Restrict,0.0175000000000409,0.0,0.017499999999984,0.0,34.51433,-1.0,,,,,,0.4793179,0.9673594,-1.0,1.540797,1.594649,0.0,1.0
2022-03-23 09:00:01,13,Late_TRF,2022-03-23 01:00:01,dark,Restrict,2.415099999999996,0.0153499999999997,1.085899999999981,0.0,32.00266,-1.0,,,,,,0.5549836,0.9127443,-1.0,1.708001,1.867718,0.0,643.0
2022-03-23 09:00:01,14,Late_TRF,2022-03-23 01:00:01,dark,Restrict,1.2898999999999887,0.0,0.3414999999999963,0.0,35.06804,-1.0,,,,,,0.51799,0.8927702,-1.0,1.565562,1.751245,0.0,411.0
2022-03-23 09:00:01,15,Late_TRF,2022-03-23 01:00:01,dark,Restrict,2.0212999999999965,0.0,0.9458999999999946,0.0,36.56946,-1.0,,,,,,0.483601,0.942822,-1.0,1.524409,1.617361,0.0,231.0
2022-03-23 09:00:01,16,Late_TRF,2022-03-23 01:00:01,dark,Restrict,3.653999999999997,0.0442499999999999,2.1593000000000018,0.0294579999999999,34.40117,-1.0,,,,,,0.529655,0.9470327,-1.0,1.676876,1.769338,0.0,897.0
2022-03-23 10:00:01,13,Late_TRF,2022-03-23 02:00:01,dark,Restrict,1.351500000000044,0.0,0.584699999999998,0.0,31.67088,-1.0,,,,,,0.4889967,0.8835839,-1.0,1.465914,1.656596,0.0,211.0
2022-03-23 10:00:01,14,Late_TRF,2022-03-23 02:00:01,dark,Restrict,2.0574000000000296,0.0,0.8342000000000098,0.0030209999999999,35.02096,-1.0,,,,,,0.5603888,0.8751249,-1.0,1.668182,1.901752,0.0,798.0
2022-03-23 10:00:01,15,Late_TRF,2022-03-23 02:00:01,dark,Restrict,1.493600000000015,0.0,0.5364999999999895,0.0,36.59044,-1.0,,,,,,0.4874877,0.943497,-1.0,1.536748,1.630336,0.0,230.0
2022-03-23 10:00:01,16,Late_TRF,2022-03-23 02:00:01,dark,Restrict,1.2269000000000003,0.028830000000001,0.5153999999999996,0.004904,34.40288,-1.0,,,,,,0.4755054,0.9301072,-1.0,1.48319,1.594692,0.0,281.0
2022-03-23 11:00:01,13,Late_TRF,2022-03-23 03:00:01,dark,Restrict,0.4808999999999628,0.0,0.030300000000011,0.0,31.33909,-1.0,,,,,,0.4646407,0.8465675,-1.0,1.344131,1.587771,0.0,41.0
2022-03-23 11:00:01,14,Late_TRF,2022-03-23 03:00:01,dark,Restrict,2.381599999999992,0.0,0.84729999999999,0.0035409999999997,34.97388,-1.0,,,,,,0.477159,0.7973703,-1.0,1.262886,1.663511,0.0,131.0
2022-03-23 11:00:01,15,Late_TRF,2022-03-23 03:00:01,dark,Restrict,3.2690999999999804,0.0,1.9964000000000224,0.0051449999999997,36.61141,-1.0,,,,,,0.5844502,0.9064462,-1.0,1.78493,1.970744,0.0,2289.0
2022-03-23 11:00:01,16,Late_TRF,2022-03-23 03:00:01,dark,Restrict,1.8684000000000085,0.0172799999999995,0.6751999999999896,0.0,34.42265,-1.0,,,,,,0.4865147,0.8985381,-1.0,1.477524,1.642841,0.0,432.0
2022-03-23 12:00:01,13,Late_TRF,2022-03-23 04:00:01,dark,Restrict,3.7690000000000055,0.0,1.903099999999995,0.0,31.19911,-1.0,,,,,,0.5543711,0.8274561,-1.0,1.580372,1.900946,0.0,1186.0
2022-03-23 12:00:01,14,Late_TRF,2022-03-23 04:00:01,dark,Restrict,0.7746999999999957,0.0,0.1004000000000076,0.0,34.9268,-1.0,,,,,,0.5405775,0.836401,-1.0,1.551107,1.850825,0.0,424.0
2022-03-23 12:00:01,15,Late_TRF,2022-03-23 04:00:01,dark,Restrict,17.44290000000001,0.0,11.5942,0.056114,36.63239,-1.0,,,,,,0.5179842,0.8666409,-1.0,1.528935,1.761499,0.0,2069.0
2022-03-23 12:00:01,16,Late_TRF,2022-03-23 04:00:01,dark,Restrict,0.6547999999999661,0.0069099999999995,0.1816000000000031,0.0,34.44243,-1.0,,,,,,0.4524722,0.8731691,-1.0,1.336798,1.538367,0.0,90.0
2022-03-23 13:00:01,13,Late_TRF,2022-03-23 05:00:01,dark,Restrict,2.076000000000022,0.0,0.9810999999999694,0.0,31.58449,-1.0,,,,,,0.4816143,0.8059863,-1.0,1.339692,1.660798,0.0,171.0
2022-03-23 13:00:01,14,Late_TRF,2022-03-23 05:00:01,dark,Restrict,2.132200000000012,0.0,0.4673999999999978,0.0,34.87972,-1.0,,,,,,0.5426236,0.802228,-1.0,1.502966,1.872988,0.0,1200.0
2022-03-23 13:00:01,15,Late_TRF,2022-03-23 05:00:01,dark,Restrict,1.834099999999978,0.0,0.6573999999999955,0.014539,36.65336,-1.0,,,,,,0.4592413,0.8372626,-1.0,1.316442,1.572707,0.0,92.0
2022-03-23 13:00:01,16,Late_TRF,2022-03-23 05:00:01,dark,Restrict,0.5927000000000362,0.0,0.1154999999999972,0.0090879999999999,34.4622,-1.0,,,,,,0.5059868,0.8453927,-1.0,1.463552,1.729111,0.0,702.0
2022-03-23 14:00:01,13,Late_TRF,2022-03-23 06:00:01,dark,Restrict,1.4834999999999925,0.0,0.3190000000000168,0.0,31.9999,-1.0,,,,,,0.5088447,0.8039425,-1.0,1.416407,1.754428,0.0,539.0
2022-03-23 14:00:01,14,Late_TRF,2022-03-23 06:00:01,dark,Restrict,5.300799999999981,0.0,2.0278999999999883,0.0,34.83264,-1.0,,,,,,0.492643,0.8036005,-1.0,1.367164,1.699729,0.0,327.0
2022-03-23 14:00:01,15,Late_TRF,2022-03-23 06:00:01,dark,Restrict,0.5184000000000424,0.0,0.0058999999999969,0.0155669999999998,36.67434,-1.0,,,,,,0.4914873,0.8443622,-1.0,1.420484,1.679878,0.0,536.0
2022-03-23 14:00:01,16,Late_TRF,2022-03-23 06:00:01,dark,Restrict,10.670500000000004,0.0047300000000003,6.345700000000022,0.1149360000000001,34.48198,-1.0,,,,,,0.5211057,0.8207169,-1.0,1.473873,1.790153,0.0,2214.0
2022-03-23 15:00:01,13,Late_TRF,2022-03-23 07:00:01,dark,Restrict,1.303100000000029,0.0,0.355700000000013,0.0,32.41529,-1.0,,,,,,0.472303,0.7779076,-1.0,1.274522,1.63971,0.0,92.0
2022-03-23 15:00:01,14,Late_TRF,2022-03-23 07:00:01,dark,Restrict,0.8559000000000196,0.0,0.1606999999999914,0.0,34.78556,-1.0,,,,,,0.5369317,0.7933796,-1.0,1.474542,1.856894,0.0,459.0
2022-03-23 15:00:01,15,Late_TRF,2022-03-23 07:00:01,dark,Restrict,10.639299999999992,0.0143800000000009,6.388499999999993,0.1687950000000002,36.69531,-1.0,,,,,,0.5688466,0.8002766,-1.0,1.576763,1.963176,0.0,2475.0
2022-03-23 15:00:01,16,Late_TRF,2022-03-23 07:00:01,dark,Restrict,2.3729999999999905,0.0007300000000007,1.088499999999982,0.0319,34.50175,-1.0,,,,,,0.444585,0.8006026,-1.0,1.229035,1.535254,0.0,126.0
2022-03-23 16:00:01,13,Late_TRF,2022-03-23 08:00:01,light,Restrict,3.825599999999952,0.0049799999999997,2.5372999999999597,0.0,32.67964,-1.0,,,,,,0.5812675,0.8103102,-1.0,1.621655,2.003106,0.0,1392.0
2022-03-23 16:00:01,14,Late_TRF,2022-03-23 08:00:01,light,Restrict,4.33099999999996,0.0114700000000009,1.8135000000000048,0.0,34.73848,-1.0,,,,,,0.4864196,0.7767265,-1.0,1.316629,1.687592,0.0,811.0
2022-03-23 16:00:01,15,Late_TRF,2022-03-23 08:00:01,light,Restrict,4.694399999999973,0.0059299999999993,2.731200000000001,0.1226039999999999,36.71629,-1.0,,,,,,0.4487204,0.804876,-1.0,1.246017,1.547977,0.0,74.0
2022-03-23 16:00:01,16,Late_TRF,2022-03-23 08:00:01,light,Restrict,1.2463999999999942,0.0175,0.4704000000000121,0.0022019999999998,34.52153,-1.0,,,,,,0.5064231,0.7957009,-1.0,1.397828,1.7494,0.0,1199.0
2022-03-23 17:00:01,13,Late_TRF,2022-03-23 09:00:01,light,Restrict,7.28430000000003,0.0090000000000003,4.802400000000034,0.0181959999999996,31.97628,-1.0,,,,,,0.5916218,0.782167,-1.0,1.605677,2.051379,0.0,1842.0
2022-03-23 17:00:01,14,Late_TRF,2022-03-23 09:00:01,light,Restrict,1.7105000000000246,0.0020600000000001,0.6539000000000215,0.0,34.6914,-1.0,,,,,,0.5634516,0.7913796,-1.0,1.545155,1.949231,0.0,791.0
2022-03-23 17:00:01,15,Late_TRF,2022-03-23 09:00:01,light,Restrict,1.8821000000000367,0.0006500000000002,0.8677000000000135,0.0323590000000004,36.73727,-1.0,,,,,,0.5788394,0.841489,-1.0,1.666739,1.980185,0.0,1349.0
2022-03-23 17:00:01,16,Late_TRF,2022-03-23 09:00:01,light,Restrict,13.660699999999965,0.1355299999999992,8.164600000000007,0.050818,34.54131,-1.0,,,,,,0.5153444,0.7703702,-1.0,1.381993,1.791573,0.0,2537.0
2022-03-23 18:00:01,13,Late_TRF,2022-03-23 10:00:01,light,Restrict,15.907899999999984,0.016259999999999,11.529200000000005,0.1128490000000002,31.19269,-1.0,,,,,,0.5173479,0.7395331,-1.0,1.282144,1.828067,0.0,1487.0
2022-03-23 18:00:01,14,Late_TRF,2022-03-23 10:00:01,light,Restrict,5.644299999999987,0.0143699999999995,2.52849999999998,0.0,34.64432,-1.0,,,,,,0.5363123,0.7729216,-1.0,1.442917,1.86315,0.0,1088.0
2022-03-23 18:00:01,15,Late_TRF,2022-03-23 10:00:01,light,Restrict,9.994599999999991,0.0125100000000006,6.115199999999987,0.1556289999999993,36.75824,-1.0,,,,,,0.4724239,0.7712579,-1.0,1.2669,1.64236,0.0,984.0
2022-03-23 18:00:01,16,Late_TRF,2022-03-23 10:00:01,light,Restrict,4.264200000000017,0.0,2.0013999999999896,0.0247749999999999,34.56108,-1.0,,,,,,0.4862531,0.7878487,-1.0,1.32904,1.683405,0.0,663.0
2022-03-23 19:00:01,13,Late_TRF,2022-03-23 11:00:01,light,Restrict,9.611099999999963,7.000000000090267e-05,6.6872000000000185,0.003927,30.61317,-1.0,,,,,,0.6097776,0.7775086,-1.0,1.649811,2.115775,0.0,2939.0
2022-03-23 19:00:01,14,Late_TRF,2022-03-23 11:00:01,light,Restrict,4.206000000000017,0.0352499999999995,1.8600000000000136,0.000337,34.59724,-1.0,,,,,,0.5822558,0.7186154,-1.0,1.389645,2.072397,0.0,1685.0
2022-03-23 19:00:01,15,Late_TRF,2022-03-23 11:00:01,light,Restrict,1.7373999999999796,0.0007699999999992,0.7209000000000003,0.0146300000000003,36.77922,-1.0,,,,,,0.4659071,0.7921518,-1.0,1.27739,1.611856,0.0,391.0
2022-03-23 19:00:01,16,Late_TRF,2022-03-23 11:00:01,light,Restrict,7.332899999999995,0.0586800000000007,3.932400000000001,0.073787,34.58085,-1.0,,,,,,0.5843981,0.7966197,-1.0,1.605069,2.021,0.0,2829.0
2022-03-23 20:00:01,13,Late_TRF,2022-03-23 12:00:01,light,Restrict,13.91820000000007,0.0807000000000002,10.026599999999974,0.000639,30.57301,-1.0,,,,,,0.5691571,0.7693871,-1.0,1.52456,1.979139,0.0,1880.0
2022-03-23 20:00:01,14,Late_TRF,2022-03-23 12:00:01,light,Restrict,14.582299999999975,0.044220000000001,9.269299999999989,0.0306760000000001,34.56586,-1.0,,,,,,0.5741448,0.7600733,-1.0,1.520906,2.001258,0.0,2585.0
2022-03-23 20:00:01,15,Late_TRF,2022-03-23 12:00:01,light,Restrict,5.9938000000000216,0.0,3.3907999999999845,0.1367789999999997,36.80019,-1.0,,,,,,0.5201032,0.7608778,-1.0,1.385081,1.810831,0.0,1422.0
2022-03-23 20:00:01,16,Late_TRF,2022-03-23 12:00:01,light,Restrict,13.87960000000004,0.0497599999999991,8.788600000000002,0.0730430000000001,34.60063,-1.0,,,,,,0.4496996,0.7593173,-1.0,1.191126,1.567523,0.0,1138.0
2022-03-23 21:00:01,13,Late_TRF,2022-03-23 13:00:01,light,Restrict,15.545099999999934,0.1717399999999997,11.628199999999993,0.0194339999999999,30.57829,-1.0,,,,,,0.551483,0.7407737,-1.0,1.432683,1.930179,0.0,1584.0
2022-03-23 21:00:01,14,Late_TRF,2022-03-23 13:00:01,light,Restrict,5.018600000000049,0.0,2.1300999999999988,0.0134849999999997,34.56506,-1.0,,,,,,0.4477291,0.7436293,-1.0,1.168531,1.565531,0.0,172.0
2022-03-23 21:00:01,15,Late_TRF,2022-03-23 13:00:01,light,Restrict,3.050999999999988,0.0,1.8081000000000245,0.1108039999999999,36.82117,-1.0,,,,,,0.4467068,0.6827951,-1.0,1.055927,1.592808,0.0,275.0
2022-03-23 21:00:01,16,Late_TRF,2022-03-23 13:00:01,light,Restrict,1.4685999999999808,0.0636899999999993,0.3016000000000076,0.0006139999999996,34.6204,-1.0,,,,,,0.4468318,0.7727008,-1.0,1.199582,1.553022,0.0,440.0
2022-03-23 22:00:01,13,Late_TRF,2022-03-23 14:00:01,light,Restrict,9.663900000000012,0.7291300000000014,6.74920000000003,0.0311460000000001,30.93266,-1.0,,,,,,0.5204876,0.6977237,-1.0,1.255162,1.848917,0.0,1754.0
2022-03-23 22:00:01,14,Late_TRF,2022-03-23 14:00:01,light,Restrict,3.855399999999975,0.0228799999999989,1.6951999999999998,0.0021530000000002,34.56506,-1.0,,,,,,0.5077435,0.7327144,-1.0,1.325375,1.775318,0.0,1716.0
2022-03-23 22:00:01,15,Late_TRF,2022-03-23 14:00:01,light,Restrict,2.9775000000000205,0.0,1.5021999999999878,0.0151640000000004,36.84214,-1.0,,,,,,0.429875,0.8646178,-1.0,1.122684,1.502891,0.0,531.0
2022-03-23 22:00:01,16,Late_TRF,2022-03-23 14:00:01,light,Restrict,2.829900000000009,0.04664,0.954199999999986,0.0123680000000003,34.64018,-1.0,,,,,,0.4804554,0.8457192,-1.0,1.265111,1.676827,0.0,1512.0
2022-03-23 23:00:01,13,Late_TRF,2022-03-23 15:00:01,light,Restrict,11.274700000000053,0.4381499999999967,8.033799999999985,0.0279329999999995,30.96909,-1.0,,,,,,0.6035009,0.7290738,-1.0,1.521494,2.125242,0.0,2286.0
2022-03-23 23:00:01,14,Late_TRF,2022-03-23 15:00:01,light,Restrict,5.4751999999999725,0.0399900000000013,2.579900000000009,0.0033389999999999,34.56506,-1.0,,,,,,0.4682989,0.7321747,-1.0,1.209391,1.641054,0.0,543.0
2022-03-23 23:00:01,15,Late_TRF,2022-03-23 15:00:01,light,Restrict,1.542599999999993,0.0023900000000001,0.7723000000000013,0.0022609999999998,36.86312,-1.0,,,,,,0.4976791,0.7550008,-1.0,1.314608,1.735777,0.0,1043.0
2022-03-23 23:00:01,16,Late_TRF,2022-03-23 15:00:01,light,Restrict,4.627199999999959,0.0,2.545500000000004,0.0411209999999999,34.65995,-1.0,,,,,,0.432007,0.7159182,-1.0,1.066691,1.527621,0.0,108.0
2022-03-24 00:00:01,13,Late_TRF,2022-03-23 16:00:01,dark,Eat,17.82579999999996,0.0526400000000002,13.539699999999982,0.1143850000000004,31.06956,-1.0,,,,,,0.6035474,0.7758653,-1.0,1.634917,2.093607,0.0,2188.0
2022-03-24 00:00:01,14,Late_TRF,2022-03-23 16:00:01,dark,Eat,5.463300000000004,0.3259499999999988,3.0605999999999938,0.0555249999999998,34.56506,-1.0,,,,,,0.6182479,0.7843074,-1.0,1.690459,2.140189,0.0,1810.0
2022-03-24 00:00:01,15,Late_TRF,2022-03-23 16:00:01,dark,Eat,6.884599999999978,0.3435600000000001,4.220300000000009,0.0043360000000003,36.88409,-1.0,,,,,,0.5592515,0.7938333,-1.0,1.548989,1.930392,0.0,1246.0
2022-03-24 00:00:01,16,Late_TRF,2022-03-23 16:00:01,dark,Eat,4.908900000000017,0.271040000000001,2.8682000000000016,0.0477409999999998,34.67973,-1.0,,,,,,0.6024667,0.7942366,-1.0,1.656215,2.08306,0.0,2145.0
2022-03-24 01:00:01,13,Late_TRF,2022-03-23 17:00:01,dark,Eat,9.850199999999973,0.565290000000001,6.483200000000011,0.411734,31.31677,-1.0,,,,,,0.572625,0.907656,-1.0,1.750925,1.930278,0.0,1881.0
2022-03-24 01:00:01,14,Late_TRF,2022-03-23 17:00:01,dark,Eat,8.33280000000002,0.7584800000000005,4.175900000000013,0.2046610000000002,34.56506,-1.0,,,,,,0.5666111,0.889914,-1.0,1.705092,1.917708,0.0,836.0
2022-03-24 01:00:01,15,Late_TRF,2022-03-23 17:00:01,dark,Eat,7.617000000000019,0.8816799999999994,5.506299999999982,0.0424599999999992,36.90507,-1.0,,,,,,0.5731006,0.9492073,-1.0,1.815613,1.914136,0.0,626.0
2022-03-24 01:00:01,16,Late_TRF,2022-03-23 17:00:01,dark,Eat,8.821300000000008,0.5385100000000005,4.901800000000009,0.1866080000000001,34.6995,-1.0,,,,,,0.5321395,0.9276721,-1.0,1.655397,1.785872,0.0,802.0
2022-03-24 02:00:01,13,Late_TRF,2022-03-23 18:00:01,dark,Eat,8.474000000000046,0.5309899999999992,5.2964000000000055,0.154776,31.46242,-1.0,,,,,,0.6109211,0.9286682,-1.0,1.901909,2.049862,0.0,1028.0
2022-03-24 02:00:01,14,Late_TRF,2022-03-23 18:00:01,dark,Eat,2.5967999999999734,0.4264200000000002,0.5740000000000123,0.0,34.56506,-1.0,,,,,,0.6149035,0.9085413,-1.0,1.885194,2.071395,0.0,717.0
2022-03-24 02:00:01,15,Late_TRF,2022-03-23 18:00:01,dark,Eat,5.550999999999988,0.5882300000000011,4.258400000000023,0.1307900000000001,37.04143,-1.0,,,,,,0.6365082,0.97,-1.0,2.053614,2.115497,0.0,1442.0
2022-03-24 02:00:01,16,Late_TRF,2022-03-23 18:00:01,dark,Eat,4.08159999999998,0.5379899999999989,0.9586999999999932,0.000645,34.71928,-1.0,,,,,,0.64297,0.9408941,-1.0,2.024378,2.151029,0.0,1596.0
2022-03-24 03:00:01,13,Late_TRF,2022-03-23 19:00:01,dark,Eat,6.695900000000052,0.5329900000000016,4.103799999999978,0.0338950000000002,31.79452,-1.0,,,,,,0.6379402,0.9485033,-1.0,2.021009,2.130703,0.0,1434.0
2022-03-24 03:00:01,14,Late_TRF,2022-03-23 19:00:01,dark,Eat,3.863800000000026,0.6126199999999997,1.04159999999996,0.0783969999999998,34.56506,-1.0,,,,,,0.6192519,0.923502,-1.0,1.92199,2.079458,0.0,1620.0
2022-03-24 03:00:01,15,Late_TRF,2022-03-23 19:00:01,dark,Eat,8.251300000000015,0.3324699999999989,6.467500000000001,0.0773130000000001,37.14056,-1.0,,,,,,0.6014314,0.9851927,-1.0,1.962915,1.992609,0.0,320.0
2022-03-24 03:00:01,16,Late_TRF,2022-03-23 19:00:01,dark,Eat,5.790300000000002,0.4667300000000001,2.390999999999991,0.0172919999999998,34.73906,-1.0,,,,,,0.5939599,0.9496071,-1.0,1.883119,1.983406,0.0,1525.0
2022-03-24 04:00:01,13,Late_TRF,2022-03-23 20:00:01,dark,Eat,10.621899999999982,0.6740700000000004,7.094699999999989,0.1078279999999995,33.12961,-1.0,,,,,,0.66466,0.9571232,-1.0,2.121012,2.215637,0.0,3187.0
2022-03-24 04:00:01,14,Late_TRF,2022-03-23 20:00:01,dark,Eat,8.802700000000016,0.7487999999999992,4.652600000000007,0.0603489999999999,34.56506,-1.0,,,,,,0.6159903,0.9417863,-1.0,1.939985,2.060614,0.0,1801.0
2022-03-24 04:00:01,15,Late_TRF,2022-03-23 20:00:01,dark,Eat,8.515199999999993,0.3747699999999998,5.29159999999996,0.1539089999999996,37.70923,-1.0,,,,,,0.6412013,0.9747423,-1.0,2.073746,2.129694,0.0,2060.0
2022-03-24 04:00:01,16,Late_TRF,2022-03-23 20:00:01,dark,Eat,6.141700000000014,0.1936700000000009,3.336100000000016,0.0556740000000002,34.75883,-1.0,,,,,,0.560423,0.972496,-1.0,1.81063,1.86192,0.0,567.0
2022-03-24 05:00:01,13,Late_TRF,2022-03-23 21:00:01,dark,Eat,16.86519999999996,0.264050000000001,10.976800000000026,0.0320879999999998,31.60981,-1.0,,,,,,0.6138664,0.9777743,-1.0,1.986932,2.038457,0.0,3401.0
2022-03-24 05:00:01,14,Late_TRF,2022-03-23 21:00:01,dark,Eat,10.51740000000001,0.5405100000000012,6.55110000000002,0.089601,34.56506,-1.0,,,,,,0.6116925,0.9571266,-1.0,1.951554,2.039192,0.0,1679.0
2022-03-24 05:00:01,15,Late_TRF,2022-03-23 21:00:01,dark,Eat,4.8163000000000125,0.01018,2.682100000000048,0.0124390000000005,37.92048,-1.0,,,,,,0.6080897,0.9970192,-1.0,2.00279,2.009577,0.0,526.0
2022-03-24 05:00:01,16,Late_TRF,2022-03-23 21:00:01,dark,Eat,4.066700000000026,0.40836,2.1972999999999843,0.0526619999999997,34.77861,-1.0,,,,,,0.6430144,0.9826143,-1.0,2.092851,2.132001,0.0,1608.0
2022-03-24 06:00:01,13,Late_TRF,2022-03-23 22:00:01,dark,Eat,15.91470000000004,0.3542699999999996,11.477700000000029,0.006151,31.1653,-1.0,,,,,,0.572059,0.9589765,-1.0,1.828357,1.906154,0.0,824.0
2022-03-24 06:00:01,14,Late_TRF,2022-03-23 22:00:01,dark,Eat,4.825099999999964,0.0944900000000004,2.1245999999999867,0.115402,34.56506,-1.0,,,,,,0.5985065,0.9566666,-1.0,1.910707,1.994891,0.0,659.0
2022-03-24 06:00:01,15,Late_TRF,2022-03-23 22:00:01,dark,Eat,9.775800000000004,0.0028300000000012,7.606099999999969,0.0989579999999996,37.77221,-1.0,,,,,,0.6490242,1.00395,-1.0,2.141097,2.143876,0.0,1909.0
2022-03-24 06:00:01,16,Late_TRF,2022-03-23 22:00:01,dark,Eat,11.75219999999996,0.3328499999999987,7.767699999999991,0.0392019999999999,34.79838,-1.0,,,,,,0.5579284,0.9978089,-1.0,1.837918,1.843712,0.0,1255.0
2022-03-24 07:00:01,13,Late_TRF,2022-03-23 23:00:01,dark,Eat,1.2088999999999714,0.0026200000000002,0.4071999999999889,0.0,31.1653,-1.0,,,,,,0.5731969,0.9479027,-1.0,1.816821,1.914204,0.0,477.0
2022-03-24 07:00:01,14,Late_TRF,2022-03-23 23:00:01,dark,Eat,1.2384999999999875,0.03031,0.1628000000000042,0.0076879999999999,34.56506,-1.0,,,,,,0.5399478,0.947731,-1.0,1.70933,1.803758,0.0,331.0
2022-03-24 07:00:01,15,Late_TRF,2022-03-23 23:00:01,dark,Eat,3.968699999999956,0.0002199999999987,3.0217999999999847,0.0838229999999997,37.60637,-1.0,,,,,,0.4461539,1.000997,-1.0,1.473887,1.473174,0.0,0.0
2022-03-24 07:00:01,16,Late_TRF,2022-03-23 23:00:01,dark,Eat,1.711500000000001,0.0297300000000007,1.282400000000024,0.0011849999999999,34.77061,-1.0,,,,,,0.5782896,0.9737566,-1.0,1.871346,1.920439,0.0,669.0
2022-03-24 08:00:01,13,Late_TRF,2022-03-24 00:00:01,dark,Restrict,2.529199999999946,0.0006699999999995,1.2738999999999692,0.0,31.1653,-1.0,,,,,,0.496726,0.9453601,-1.0,1.564769,1.661541,0.0,303.0
2022-03-24 08:00:01,14,Late_TRF,2022-03-24 00:00:01,dark,Restrict,8.928899999999999,0.7384399999999989,5.473900000000015,0.0175390000000001,34.56506,-1.0,,,,,,0.6408133,0.939587,-1.0,2.016639,2.14408,0.0,2383.0
2022-03-24 08:00:01,15,Late_TRF,2022-03-24 00:00:01,dark,Restrict,1.403099999999995,0.0,1.023300000000006,0.0036240000000002,37.33204,-1.0,,,,,,0.5699378,0.9902888,-1.0,1.861441,1.887899,0.0,1510.0
2022-03-24 08:00:01,16,Late_TRF,2022-03-24 00:00:01,dark,Restrict,4.469600000000014,0.0,3.680999999999983,0.0,34.46787,-1.0,,,,,,0.471557,0.9512258,-1.0,1.496373,1.574294,0.0,0.0
