subjectsID,,,,1,2,3,4,5,6,7,8,9,10,11,12,13,14,15,16
Group,,,,LowFat,LowFat,LowFat,LowFat,HighFatAdLibitum,HighFatAdLibitum,HighFatAdLibitum,HighFatAdLibitum,Early_TRF,Early_TRF,Early_TRF,Early_TRF,Late_TRF,Late_TRF,Late_TRF,Late_TRF
Date_Time_1,Expriments Times,DarkLight,EatRestrict,,,,,,,,,,,,,,,,
2022-03-20 12:00:01,2022-03-20 04:00:01,dark,Eat,31.34758,31.4175,32.7701,32.1992,39.08807,42.65762,38.96608,25.29703,,,,,,,,
2022-03-20 12:00:01,2022-03-20 04:00:01,dark,Restrict,,,,,,,,,33.14748,34.63508,36.51361,15.86967,31.15523,34.2262,37.06836,33.96237
2022-03-20 13:00:01,2022-03-20 05:00:01,dark,Eat,31.46873,31.4175,32.7701,32.1992,39.08807,42.65762,39.09959,25.27183,,,,,,,,
2022-03-20 13:00:01,2022-03-20 05:00:01,dark,Restrict,,,,,,,,,33.14748,34.46306,36.51361,15.86967,31.15523,34.76951,37.06836,33.96237
2022-03-20 14:00:01,2022-03-20 06:00:01,dark,Eat,31.87322,31.4175,32.7701,32.1992,39.08807,42.65762,39.2374,25.21603,,,,,,,,
2022-03-20 14:00:01,2022-03-20 06:00:01,dark,Restrict,,,,,,,,,33.14748,34.54851,36.51361,15.86967,31.15523,34.79504,37.06836,33.96237
2022-03-20 15:00:01,2022-03-20 07:00:01,dark,Eat,31.36237,31.4175,32.7701,32.1992,39.08807,42.65762,39.37521,25.16017,,,,,,,,
2022-03-20 15:00:01,2022-03-20 07:00:01,dark,Restrict,,,,,,,,,33.14748,34.50165,36.51361,15.86967,31.15523,34.6931,37.06836,33.96237
2022-03-20 16:00:01,2022-03-20 08:00:01,light,Eat,31.98459,31.4175,32.7701,32.1992,39.08807,42.65762,39.51303,25.10537,33.14748,34.62312,36.51361,15.86967,,,,
2022-03-20 16:00:01,2022-03-20 08:00:01,light,Restrict,,,,,,,,,,,,,31.15523,34.44366,37.06836,33.96237
2022-03-20 17:00:01,2022-03-20 09:00:01,light,Eat,32.05117,31.4175,32.7701,32.1992,39.08807,42.65762,39.67532,25.09165,33.14748,35.16244,36.51361,15.86967,,,,
2022-03-20 17:00:01,2022-03-20 09:00:01,light,Restrict,,,,,,,,,,,,,31.15523,34.12723,37.06836,33.96237
2022-03-20 18:00:01,2022-03-20 10:00:01,light,Eat,32.5909,31.4175,32.7701,32.1992,39.08807,42.70994,39.97222,25.09903,33.14748,35.73399,36.51361,15.86967,,,,
2022-03-20 18:00:01,2022-03-20 10:00:01,light,Restrict,,,,,,,,,,,,,31.17834,33.80754,37.06836,33.96237
2022-03-20 19:00:01,2022-03-20 11:00:01,light,Eat,32.34921,31.36987,32.7701,32.1992,39.08807,42.85729,40.02582,25.10641,33.14748,35.41337,36.51361,15.86967,,,,
2022-03-20 19:00:01,2022-03-20 11:00:01,light,Restrict,,,,,,,,,,,,,31.29102,33.6247,37.06836,33.96237
2022-03-20 20:00:01,2022-03-20 12:00:01,light,Eat,32.61213,31.01844,32.84621,32.1992,39.08807,42.93858,40.13413,25.11379,33.12791,36.18486,36.51361,15.86967,,,,
2022-03-20 20:00:01,2022-03-20 12:00:01,light,Restrict,,,,,,,,,,,,,31.41264,33.79538,37.06836,33.96237
2022-03-20 21:00:01,2022-03-20 13:00:01,light,Eat,32.52649,31.16046,33.10884,32.1992,39.08807,43.01735,40.22252,25.12117,33.23512,35.64006,36.54098,15.86967,,,,
2022-03-20 21:00:01,2022-03-20 13:00:01,light,Restrict,,,,,,,,,,,,,31.53426,34.02118,37.06836,33.96237
2022-03-20 22:00:01,2022-03-20 14:00:01,light,Eat,33.09266,31.30249,33.22077,32.1992,39.1244,43.09611,40.12379,25.12855,33.73744,35.68166,36.85718,15.86967,,,,
2022-03-20 22:00:01,2022-03-20 14:00:01,light,Restrict,,,,,,,,,,,,,31.65588,34.19398,37.06836,33.96237
2022-03-20 23:00:01,2022-03-20 15:00:01,light,Eat,32.99269,31.44242,33.38511,32.1992,39.39408,43.17487,39.99413,25.13593,33.98326,35.64123,37.05326,15.86967,,,,
2022-03-20 23:00:01,2022-03-20 15:00:01,light,Restrict,,,,,,,,,,,,,31.7775,33.91291,37.06836,33.96237
2022-03-21 00:00:01,2022-03-20 16:00:01,dark,Eat,32.6168,31.48743,33.3423,32.20113,39.70531,43.25364,40.5174,25.14331,,,,,31.92786,33.32459,37.06836,33.96237
2022-03-21 00:00:01,2022-03-20 16:00:01,dark,Restrict,,,,,,,,,33.87935,35.61077,36.5745,15.86967,,,,
2022-03-21 01:00:01,2022-03-20 17:00:01,dark,Eat,31.78631,31.48704,33.24173,32.23689,40.01654,43.3324,40.49087,25.15069,,,,,32.58193,33.30467,37.06836,33.96237
2022-03-21 01:00:01,2022-03-20 17:00:01,dark,Restrict,,,,,,,,,33.44035,35.79095,35.88486,15.86967,,,,
2022-03-21 02:00:01,2022-03-20 18:00:01,dark,Eat,32.19447,31.48664,33.03774,32.28502,40.32777,43.41117,40.46434,25.15807,,,,,31.95235,33.52206,37.06836,33.96237
2022-03-21 02:00:01,2022-03-20 18:00:01,dark,Restrict,,,,,,,,,33.28383,36.02555,35.97377,15.86967,,,,
2022-03-21 03:00:01,2022-03-20 19:00:01,dark,Eat,32.54118,31.43997,32.86322,32.33314,40.3659,43.5004,40.40863,25.16545,,,,,30.72257,33.48675,37.06836,34.14635
2022-03-21 03:00:01,2022-03-20 19:00:01,dark,Restrict,,,,,,,,,33.12731,36.25388,36.06269,15.86967,,,,
2022-03-21 04:00:01,2022-03-20 20:00:01,dark,Eat,32.7566,31.39622,32.75249,32.35155,40.32367,43.51733,40.26018,25.17283,,,,,31.11048,33.21473,37.02979,34.47934
2022-03-21 04:00:01,2022-03-20 20:00:01,dark,Restrict,,,,,,,,,32.94433,36.13213,36.15161,15.86967,,,,
2022-03-21 05:00:01,2022-03-20 21:00:01,dark,Eat,32.28804,31.13849,32.91989,32.07188,40.28939,43.35252,40.09395,25.18021,,,,,31.43795,33.05937,37.16646,34.88168
2022-03-21 05:00:01,2022-03-20 21:00:01,dark,Restrict,,,,,,,,,32.90185,35.80875,36.0189,15.86967,,,,
2022-03-21 06:00:01,2022-03-20 22:00:01,dark,Eat,32.42136,30.88084,33.09659,31.91162,40.25511,43.26487,39.55931,25.18759,,,,,31.45852,33.46267,37.50154,35.09717
2022-03-21 06:00:01,2022-03-20 22:00:01,dark,Restrict,,,,,,,,,32.97528,35.48537,35.74076,15.86967,,,,
2022-03-21 07:00:01,2022-03-20 23:00:01,dark,Eat,32.2529,30.93336,33.16505,31.87819,40.22083,43.2889,39.23676,25.19497,,,,,31.44322,33.45431,37.22967,34.74924
2022-03-21 07:00:01,2022-03-20 23:00:01,dark,Restrict,,,,,,,,,33.04872,35.16199,35.72168,15.86967,,,,
2022-03-21 08:00:01,2022-03-21 00:00:01,dark,Eat,32.10631,31.03225,33.20045,31.61417,40.18655,43.30811,39.31565,25.20235,,,,,,,,
2022-03-21 08:00:01,2022-03-21 00:00:01,dark,Restrict,,,,,,,,,33.12215,34.90382,35.7026,15.86967,31.42793,33.44596,36.98626,34.70959
2022-03-21 09:00:01,2022-03-21 01:00:01,dark,Eat,31.83275,31.15954,33.23586,31.35968,40.15227,43.32733,39.39426,25.20973,,,,,,,,
2022-03-21 09:00:01,2022-03-21 01:00:01,dark,Restrict,,,,,,,,,33.19559,34.89834,35.68352,15.86967,31.41262,33.4376,36.79986,34.66995
2022-03-21 10:00:01,2022-03-21 02:00:01,dark,Eat,31.60198,31.28684,33.27126,31.17554,40.11799,43.34655,39.47286,25.21711,,,,,,,,
2022-03-21 10:00:01,2022-03-21 02:00:01,dark,Restrict,,,,,,,,,33.26902,34.91808,35.71236,15.86967,31.39733,33.49905,36.59022,34.6303
2022-03-21 11:00:01,2022-03-21 03:00:01,dark,Eat,31.37106,31.41413,33.30666,31.00566,40.08371,43.36576,39.55146,25.22449,,,,,,,,
2022-03-21 11:00:01,2022-03-21 03:00:01,dark,Restrict,,,,,,,,,33.34246,34.93782,35.70631,15.86967,31.38202,33.83097,36.48362,34.59066
2022-03-21 12:00:01,2022-03-21 04:00:01,dark,Eat,31.20564,31.53475,33.34206,30.88829,40.04943,43.38498,39.63007,25.23186,,,,,,,,
2022-03-21 12:00:01,2022-03-21 04:00:01,dark,Restrict,,,,,,,,,33.41589,34.95756,35.69879,15.86967,31.36673,34.18988,36.07977,34.55101
2022-03-21 13:00:01,2022-03-21 05:00:01,dark,Eat,31.21961,31.62616,33.37747,30.89934,40.01515,43.40419,39.70867,25.23924,,,,,,,,
2022-03-21 13:00:01,2022-03-21 05:00:01,dark,Restrict,,,,,,,,,33.48933,34.9773,35.69127,15.86967,31.35143,34.54881,35.77184,34.51137
2022-03-21 14:00:01,2022-03-21 06:00:01,dark,Eat,31.24655,31.71417,33.41287,30.91624,39.98087,43.42341,39.78728,25.24662,,,,,,,,
2022-03-21 14:00:01,2022-03-21 06:00:01,dark,Restrict,,,,,,,,,33.56276,34.99704,35.68375,15.86967,31.33612,34.90772,35.70653,34.47173
2022-03-21 15:00:01,2022-03-21 07:00:01,dark,Eat,31.42508,31.80217,33.44827,30.93315,39.94659,43.44262,39.86588,25.254,,,,,,,,
2022-03-21 15:00:01,2022-03-21 07:00:01,dark,Restrict,,,,,,,,,33.6362,34.47522,35.67623,15.86967,31.32083,35.26653,35.70728,34.43208
2022-03-21 16:00:01,2022-03-21 08:00:01,light,Eat,31.68814,31.89017,33.48326,30.95005,39.91232,43.46184,39.94448,25.26138,33.70963,34.96579,35.66871,15.86967,,,,
2022-03-21 16:00:01,2022-03-21 08:00:01,light,Restrict,,,,,,,,,,,,,31.30552,35.18185,35.72317,34.39244
2022-03-21 17:00:01,2022-03-21 09:00:01,light,Eat,31.79608,31.97252,33.49014,30.96695,39.87804,43.48106,40.02309,25.26876,33.78307,35.56661,35.66779,15.86967,,,,
2022-03-21 17:00:01,2022-03-21 09:00:01,light,Restrict,,,,,,,,,,,,,31.27934,34.68174,35.73906,34.35279
2022-03-21 18:00:01,2022-03-21 10:00:01,light,Eat,31.81468,31.83564,33.57544,30.98385,39.84376,43.50027,40.10169,25.27614,33.8565,35.70469,36.0219,15.86967,,,,
2022-03-21 18:00:01,2022-03-21 10:00:01,light,Restrict,,,,,,,,,,,,,31.23422,34.19186,35.75494,34.31315
2022-03-21 19:00:01,2022-03-21 11:00:01,light,Eat,31.83327,31.5862,33.69043,30.99825,39.80948,43.51653,40.46709,25.28352,33.92994,35.59801,36.28972,15.86967,,,,
2022-03-21 19:00:01,2022-03-21 11:00:01,light,Restrict,,,,,,,,,,,,,31.18877,34.23254,35.77083,34.2735
2022-03-21 20:00:01,2022-03-21 12:00:01,light,Eat,31.85187,31.42259,33.80541,30.9161,39.7752,43.48994,40.31776,25.2909,34.00337,35.52347,36.59613,15.86967,,,,
2022-03-21 20:00:01,2022-03-21 12:00:01,light,Restrict,,,,,,,,,,,,,31.14332,34.08153,35.78672,34.23386
2022-03-21 21:00:01,2022-03-21 13:00:01,light,Eat,31.87046,31.59156,33.43304,30.90489,39.85561,43.50104,39.98069,25.29828,34.0768,35.4879,36.65443,15.86967,,,,
2022-03-21 21:00:01,2022-03-21 13:00:01,light,Restrict,,,,,,,,,,,,,31.09786,34.02556,35.80261,34.19421
2022-03-21 22:00:01,2022-03-21 14:00:01,light,Eat,31.88841,31.21727,33.02973,31.30901,40.25112,43.51214,39.69596,25.30566,34.15024,35.55906,36.63442,15.86967,,,,
2022-03-21 22:00:01,2022-03-21 14:00:01,light,Restrict,,,,,,,,,,,,,31.05241,34.07814,35.8185,34.15457
2022-03-21 23:00:01,2022-03-21 15:00:01,light,Eat,31.89227,31.73205,33.30713,31.74812,40.23415,43.52324,39.74984,25.31304,34.04065,35.63631,36.79862,15.86967,,,,
2022-03-21 23:00:01,2022-03-21 15:00:01,light,Restrict,,,,,,,,,,,,,31.37376,33.95161,35.83438,34.11493
2022-03-22 00:00:01,2022-03-21 16:00:01,dark,Eat,31.89152,31.75017,33.58453,32.1824,40.21962,43.39491,39.81307,25.30829,,,,,31.79038,34.1141,35.85027,34.07528
2022-03-22 00:00:01,2022-03-21 16:00:01,dark,Restrict,,,,,,,,,33.71283,35.71357,36.62723,15.86967,,,,
2022-03-22 01:00:01,2022-03-21 17:00:01,dark,Eat,31.89076,31.69882,33.89243,32.34696,40.2051,43.60643,39.8763,25.24357,,,,,31.42935,34.5386,35.86616,34.03564
2022-03-22 01:00:01,2022-03-21 17:00:01,dark,Restrict,,,,,,,,,33.36905,35.79082,36.41152,15.86967,,,,
2022-03-22 02:00:01,2022-03-21 18:00:01,dark,Eat,31.87815,31.36839,34.15298,32.35617,40.19057,43.83766,39.89342,25.17072,,,,,32.40624,34.80756,35.88205,33.99599
2022-03-22 02:00:01,2022-03-21 18:00:01,dark,Restrict,,,,,,,,,33.21025,35.86808,36.51355,15.86967,,,,
2022-03-22 03:00:01,2022-03-21 19:00:01,dark,Eat,31.83965,31.25836,34.09011,32.36909,40.17604,43.87789,39.82064,25.09787,,,,,32.77451,35.25069,35.82386,33.95635
2022-03-22 03:00:01,2022-03-21 19:00:01,dark,Restrict,,,,,,,,,33.16933,35.94534,36.75802,15.86967,,,,
2022-03-22 04:00:01,2022-03-21 20:00:01,dark,Eat,31.60444,31.27095,33.808,32.48789,40.16152,43.62273,39.7477,25.02502,,,,,32.83946,35.14846,36.28408,33.91956
2022-03-22 04:00:01,2022-03-21 20:00:01,dark,Restrict,,,,,,,,,32.72111,35.5323,36.74708,15.86967,,,,
2022-03-22 05:00:01,2022-03-21 21:00:01,dark,Eat,31.37842,30.83916,33.86302,32.64375,40.14699,43.36731,39.79571,24.95217,,,,,33.02689,34.91836,36.97195,34.84121
2022-03-22 05:00:01,2022-03-21 21:00:01,dark,Restrict,,,,,,,,,32.66419,34.96698,36.46854,15.86967,,,,
2022-03-22 06:00:01,2022-03-21 22:00:01,dark,Eat,31.16152,30.5974,33.77217,32.63515,40.13247,43.28431,39.83086,24.87932,,,,,32.89745,34.68825,37.03307,34.66103
2022-03-22 06:00:01,2022-03-21 22:00:01,dark,Restrict,,,,,,,,,32.72184,35.11759,36.34838,15.86967,,,,
2022-03-22 07:00:01,2022-03-21 23:00:01,dark,Eat,31.14613,30.63806,33.70731,32.72231,40.11794,43.30062,39.70763,24.80647,,,,,32.76802,34.45814,36.40807,34.73471
2022-03-22 07:00:01,2022-03-21 23:00:01,dark,Restrict,,,,,,,,,32.77911,35.26849,36.31905,15.86967,,,,
2022-03-22 08:00:01,2022-03-22 00:00:01,dark,Eat,31.16178,30.68042,33.62876,32.77398,40.10342,43.31693,39.77523,24.73362,,,,,,,,
2022-03-22 08:00:01,2022-03-22 00:00:01,dark,Restrict,,,,,,,,,32.83637,35.90297,36.28859,15.86967,32.65452,34.22803,36.23122,34.53027
2022-03-22 09:00:01,2022-03-22 01:00:01,dark,Eat,31.1627,30.72279,33.25621,32.77209,40.08889,43.33323,39.8084,24.66077,,,,,,,,
2022-03-22 09:00:01,2022-03-22 01:00:01,dark,Restrict,,,,,,,,,32.89363,35.47375,36.25813,15.86967,32.61982,33.99793,36.50157,34.16121
2022-03-22 10:00:01,2022-03-22 02:00:01,dark,Eat,31.44278,30.78346,33.36879,32.76144,40.0724,43.34954,39.79977,24.58792,,,,,,,,
2022-03-22 10:00:01,2022-03-22 02:00:01,dark,Restrict,,,,,,,,,32.95089,35.23521,36.22766,15.86967,32.59581,33.76782,36.2001,33.63993
2022-03-22 11:00:01,2022-03-22 03:00:01,dark,Eat,31.70332,30.86637,33.48137,32.75079,40.05322,43.36585,39.79105,24.51507,,,,,,,,
2022-03-22 11:00:01,2022-03-22 03:00:01,dark,Restrict,,,,,,,,,33.00816,35.18684,36.1972,15.86967,32.57179,33.53771,36.12586,33.51768
2022-03-22 12:00:01,2022-03-22 04:00:01,dark,Eat,31.95537,30.94932,33.59395,32.74015,40.03402,43.38216,39.78232,24.44222,,,,,,,,
2022-03-22 12:00:01,2022-03-22 04:00:01,dark,Restrict,,,,,,,,,33.06542,35.13699,36.16674,15.86967,32.54778,33.30761,35.99603,33.53259
2022-03-22 13:00:01,2022-03-22 05:00:01,dark,Eat,32.20666,31.03227,33.70653,32.7295,40.01482,43.39846,39.77359,24.36937,,,,,,,,
2022-03-22 13:00:01,2022-03-22 05:00:01,dark,Restrict,,,,,,,,,33.12268,35.07855,36.13628,15.86967,32.52377,33.08013,35.97089,33.54749
2022-03-22 14:00:01,2022-03-22 06:00:01,dark,Eat,32.1285,31.18376,33.81911,32.71885,39.99563,43.41513,39.76487,24.29652,,,,,,,,
2022-03-22 14:00:01,2022-03-22 06:00:01,dark,Restrict,,,,,,,,,33.17994,35.00967,36.10582,15.86967,32.49975,33.08616,36.00531,33.56239
2022-03-22 15:00:01,2022-03-22 07:00:01,dark,Eat,31.99525,31.41844,33.93169,32.7082,39.97643,43.49156,39.74112,24.22367,,,,,,,,
2022-03-22 15:00:01,2022-03-22 07:00:01,dark,Restrict,,,,,,,,,33.2372,34.83976,36.07536,15.86967,32.47573,33.24334,36.30569,33.57729
2022-03-22 16:00:01,2022-03-22 08:00:01,light,Eat,32.42866,31.60913,34.02371,32.69755,39.95723,43.61156,39.60641,24.17546,33.29446,34.62227,36.0449,15.86967,,,,
2022-03-22 16:00:01,2022-03-22 08:00:01,light,Restrict,,,,,,,,,,,,,32.44127,33.40051,35.96679,33.59219
2022-03-22 17:00:01,2022-03-22 09:00:01,light,Eat,32.62968,31.92591,34.10387,32.6869,39.93803,43.73158,39.44923,24.15031,33.35173,34.41806,36.01444,15.86967,,,,
2022-03-22 17:00:01,2022-03-22 09:00:01,light,Restrict,,,,,,,,,,,,,32.32965,33.55769,35.8161,33.6071
2022-03-22 18:00:01,2022-03-22 10:00:01,light,Eat,32.7619,31.72784,34.23286,32.67625,39.91884,43.85141,39.37857,24.12517,33.40899,34.29919,35.98398,15.86967,,,,
2022-03-22 18:00:01,2022-03-22 10:00:01,light,Restrict,,,,,,,,,,,,,32.08961,33.71487,36.02335,33.622
2022-03-22 19:00:01,2022-03-22 11:00:01,light,Eat,32.89413,31.49982,34.15366,32.67027,39.89964,43.96157,39.47656,24.10003,33.46625,34.19551,36.03908,15.86967,,,,
2022-03-22 19:00:01,2022-03-22 11:00:01,light,Restrict,,,,,,,,,,,,,31.65357,33.87204,36.05383,33.6369
2022-03-22 20:00:01,2022-03-22 12:00:01,light,Eat,33.02636,31.33241,33.59659,32.69431,39.88044,44.06569,39.57892,24.07488,33.52351,34.09184,37.0087,15.86967,,,,
2022-03-22 20:00:01,2022-03-22 12:00:01,light,Restrict,,,,,,,,,,,,,31.21383,34.02922,36.0843,33.6518
2022-03-22 21:00:01,2022-03-22 13:00:01,light,Eat,33.15858,31.77287,34.11812,32.7237,39.86124,44.14418,39.68129,24.04974,33.58077,33.98816,37.05539,15.86967,,,,
2022-03-22 21:00:01,2022-03-22 13:00:01,light,Restrict,,,,,,,,,,,,,31.58073,33.87034,36.11477,33.66671
2022-03-22 22:00:01,2022-03-22 14:00:01,light,Eat,33.26442,32.25636,34.31025,32.75308,39.91281,44.2079,39.78365,24.0246,34.16796,33.88449,36.74812,15.86967,,,,
2022-03-22 22:00:01,2022-03-22 14:00:01,light,Restrict,,,,,,,,,,,,,31.32137,33.45679,36.14524,33.68161
2022-03-22 23:00:01,2022-03-22 15:00:01,light,Eat,33.19328,32.25713,34.41335,32.78247,40.20818,44.34016,39.88611,24.0169,34.14565,33.78082,37.15597,15.86967,,,,
2022-03-22 23:00:01,2022-03-22 15:00:01,light,Restrict,,,,,,,,,,,,,31.18827,33.70668,36.17571,33.69651
2022-03-23 00:00:01,2022-03-22 16:00:01,dark,Eat,32.72738,31.90892,34.47564,32.81141,40.47112,44.51842,39.51706,24.50689,,,,,31.86743,33.95659,36.20618,33.71141
2022-03-23 00:00:01,2022-03-22 16:00:01,dark,Restrict,,,,,,,,,33.90367,33.68542,36.73515,15.86967,,,,
2022-03-23 01:00:01,2022-03-22 17:00:01,dark,Eat,32.90903,31.5376,34.22915,32.81548,40.28032,44.18211,38.99694,24.83647,,,,,32.12611,34.20665,36.19265,33.72631
2022-03-23 01:00:01,2022-03-22 17:00:01,dark,Restrict,,,,,,,,,33.43384,34.0529,36.437,15.86967,,,,
2022-03-23 02:00:01,2022-03-22 18:00:01,dark,Eat,32.77343,31.58414,33.8611,32.80522,39.98558,44.14675,38.89109,24.84535,,,,,32.62654,34.45674,36.37851,33.74121
2022-03-23 02:00:01,2022-03-22 18:00:01,dark,Restrict,,,,,,,,,33.19106,34.68697,36.66036,15.86967,,,,
2022-03-23 03:00:01,2022-03-22 19:00:01,dark,Eat,32.76284,31.85669,33.49873,32.91919,39.69085,44.11287,39.1733,24.85423,,,,,32.29385,34.74038,36.05314,33.7766
2022-03-23 03:00:01,2022-03-22 19:00:01,dark,Restrict,,,,,,,,,33.01796,35.32105,36.55478,15.86967,,,,
2022-03-23 04:00:01,2022-03-22 20:00:01,dark,Eat,32.65326,31.77618,33.13635,32.95227,39.39611,43.93908,39.45552,24.86311,,,,,33.24364,35.30344,37.31028,34.26876
2022-03-23 04:00:01,2022-03-22 20:00:01,dark,Restrict,,,,,,,,,33.03567,35.9474,36.39791,15.86967,,,,
2022-03-23 05:00:01,2022-03-22 21:00:01,dark,Eat,32.56067,31.65962,34.02973,32.16415,39.11436,42.76426,39.70925,24.87199,,,,,32.90129,35.25636,37.65564,34.57001
2022-03-23 05:00:01,2022-03-22 21:00:01,dark,Restrict,,,,,,,,,33.06429,36.1422,36.24104,15.86967,,,,
2022-03-23 06:00:01,2022-03-22 22:00:01,dark,Eat,32.62637,31.54486,34.19038,32.78903,39.33532,42.90148,39.78006,24.88087,,,,,32.99802,35.20928,36.50653,34.73236
2022-03-23 06:00:01,2022-03-22 22:00:01,dark,Restrict,,,,,,,,,33.09291,36.08843,36.08418,15.86967,,,,
2022-03-23 07:00:01,2022-03-22 23:00:01,dark,Eat,32.70885,31.6663,34.07513,32.69676,39.81442,43.10375,39.6323,24.88975,,,,,32.66624,35.1622,36.52751,34.63157
2022-03-23 07:00:01,2022-03-22 23:00:01,dark,Restrict,,,,,,,,,33.12154,36.03466,35.92731,15.86967,,,,
2022-03-23 08:00:01,2022-03-23 00:00:01,dark,Eat,32.61648,31.59397,33.14862,32.60449,39.74379,43.30602,39.47638,24.89863,,,,,,,,
2022-03-23 08:00:01,2022-03-23 00:00:01,dark,Restrict,,,,,,,,,33.15015,35.98023,35.77045,15.86967,32.33445,35.11512,36.54848,34.51433
2022-03-23 09:00:01,2022-03-23 01:00:01,dark,Eat,32.31185,31.49243,32.59651,32.49444,38.56664,43.49352,39.34314,24.90751,,,,,,,,
2022-03-23 09:00:01,2022-03-23 01:00:01,dark,Restrict,,,,,,,,,33.17878,35.91645,35.74413,15.86967,32.00266,35.06804,36.56946,34.40117
2022-03-23 10:00:01,2022-03-23 02:00:01,dark,Eat,32.1798,31.3909,32.69968,32.34088,38.63173,43.42218,39.21735,24.91639,,,,,,,,
2022-03-23 10:00:01,2022-03-23 02:00:01,dark,Restrict,,,,,,,,,33.2074,35.84961,35.77676,15.86967,31.67088,35.02096,36.59044,34.40288
2022-03-23 11:00:01,2022-03-23 03:00:01,dark,Eat,32.63408,31.28937,32.80284,32.18534,38.69683,43.25624,39.16625,24.92527,,,,,,,,
2022-03-23 11:00:01,2022-03-23 03:00:01,dark,Restrict,,,,,,,,,33.23602,35.78218,35.72666,15.86967,31.33909,34.97388,36.61141,34.42265
2022-03-23 12:00:01,2022-03-23 04:00:01,dark,Eat,32.2558,31.34503,32.90601,32.0298,38.76193,43.0903,39.13445,24.93415,,,,,,,,
2022-03-23 12:00:01,2022-03-23 04:00:01,dark,Restrict,,,,,,,,,33.26464,35.70883,35.67656,15.86967,31.19911,34.9268,36.63239,34.44243
2022-03-23 13:00:01,2022-03-23 05:00:01,dark,Eat,31.30612,31.58187,33.00917,31.87427,38.82703,42.92587,39.10264,24.94303,,,,,,,,
2022-03-23 13:00:01,2022-03-23 05:00:01,dark,Restrict,,,,,,,,,33.29326,35.64089,35.62646,15.86967,31.58449,34.87972,36.65336,34.4622
2022-03-23 14:00:01,2022-03-23 06:00:01,dark,Eat,30.8926,31.78325,33.11234,31.71873,38.89212,43.01247,39.07084,24.95191,,,,,,,,
2022-03-23 14:00:01,2022-03-23 06:00:01,dark,Restrict,,,,,,,,,33.32188,35.60325,35.59314,15.86967,31.9999,34.83264,36.67434,34.48198
2022-03-23 15:00:01,2022-03-23 07:00:01,dark,Eat,31.79033,31.98464,33.2155,31.56319,38.95722,43.28214,39.03903,24.96079,,,,,,,,
2022-03-23 15:00:01,2022-03-23 07:00:01,dark,Restrict,,,,,,,,,33.3505,35.57233,35.85486,15.86967,32.41529,34.78556,36.69531,34.50175
2022-03-23 16:00:01,2022-03-23 08:00:01,light,Eat,32.74089,32.0799,33.31866,31.40766,39.02232,43.55181,39.01859,24.96967,33.37912,35.74704,36.19582,15.86967,,,,
2022-03-23 16:00:01,2022-03-23 08:00:01,light,Restrict,,,,,,,,,,,,,32.67964,34.73848,36.71629,34.52153
2022-03-23 17:00:01,2022-03-23 09:00:01,light,Eat,33.08414,31.93882,33.42183,31.25212,39.08428,43.82148,39.32278,24.97855,33.40774,35.58437,36.53679,15.86967,,,,
2022-03-23 17:00:01,2022-03-23 09:00:01,light,Restrict,,,,,,,,,,,,,31.97628,34.6914,36.73727,34.54131
2022-03-23 18:00:01,2022-03-23 10:00:01,light,Eat,32.94037,32.00061,33.63496,31.13482,39.14193,44.09116,39.91821,24.98743,33.43636,35.3681,36.88657,15.86967,,,,
2022-03-23 18:00:01,2022-03-23 10:00:01,light,Restrict,,,,,,,,,,,,,31.19269,34.64432,36.75824,34.56108
2022-03-23 19:00:01,2022-03-23 11:00:01,light,Eat,32.2778,32.34075,34.00275,31.40108,39.43114,44.36083,40.30379,24.99631,33.45683,35.51895,37.43046,15.86967,,,,
2022-03-23 19:00:01,2022-03-23 11:00:01,light,Restrict,,,,,,,,,,,,,30.61317,34.59724,36.77922,34.58085
2022-03-23 20:00:01,2022-03-23 12:00:01,light,Eat,32.89582,31.7716,34.0633,31.76642,40.13427,44.60779,40.41656,25.00519,33.50916,35.72703,37.74999,15.86967,,,,
2022-03-23 20:00:01,2022-03-23 12:00:01,light,Restrict,,,,,,,,,,,,,30.57301,34.56586,36.80019,34.60063
2022-03-23 21:00:01,2022-03-23 13:00:01,light,Eat,32.16222,31.80908,34.15244,32.13176,40.33581,44.62697,40.39921,25.01407,33.67429,35.87779,37.77089,15.86967,,,,
2022-03-23 21:00:01,2022-03-23 13:00:01,light,Restrict,,,,,,,,,,,,,30.57829,34.56506,36.82117,34.6204
2022-03-23 22:00:01,2022-03-23 14:00:01,light,Eat,32.37894,31.81884,34.23126,32.49418,39.91934,44.58731,40.27438,25.02295,33.65747,35.74516,36.6464,15.86967,,,,
2022-03-23 22:00:01,2022-03-23 14:00:01,light,Restrict,,,,,,,,,,,,,30.93266,34.56506,36.84214,34.64018
2022-03-23 23:00:01,2022-03-23 15:00:01,light,Eat,32.99599,31.82859,34.08981,32.69353,39.50145,44.54765,40.09386,25.03183,33.61888,35.68084,38.0505,15.86967,,,,
2022-03-23 23:00:01,2022-03-23 15:00:01,light,Restrict,,,,,,,,,,,,,30.96909,34.56506,36.86312,34.65995
2022-03-24 00:00:01,2022-03-23 16:00:01,dark,Eat,32.84688,32.00203,34.43834,32.79897,39.08356,44.54467,39.59527,25.04071,,,,,31.06956,34.56506,36.88409,34.67973
2022-03-24 00:00:01,2022-03-23 16:00:01,dark,Restrict,,,,,,,,,33.53456,36.2105,38.02684,15.86967,,,,
2022-03-24 01:00:01,2022-03-23 17:00:01,dark,Eat,32.12674,32.65858,34.95471,32.90395,39.25073,44.47385,39.53412,25.04959,,,,,31.31677,34.56506,36.90507,34.6995
2022-03-24 01:00:01,2022-03-23 17:00:01,dark,Restrict,,,,,,,,,33.55468,36.31302,36.87946,15.86967,,,,
2022-03-24 02:00:01,2022-03-23 18:00:01,dark,Eat,32.2694,32.3844,34.58453,32.96778,40.19021,44.15133,39.35491,25.05847,,,,,31.46242,34.56506,37.04143,34.71928
2022-03-24 02:00:01,2022-03-23 18:00:01,dark,Restrict,,,,,,,,,33.3139,36.07854,36.88171,15.86967,,,,
2022-03-24 03:00:01,2022-03-23 19:00:01,dark,Eat,32.55139,31.8465,33.77714,33.00499,40.29808,44.10951,39.59479,25.06735,,,,,31.79452,34.56506,37.14056,34.73906
2022-03-24 03:00:01,2022-03-23 19:00:01,dark,Restrict,,,,,,,,,33.21928,35.84406,36.56056,15.86967,,,,
2022-03-24 04:00:01,2022-03-23 20:00:01,dark,Eat,32.88429,31.31052,32.9574,32.9494,40.58337,44.10574,39.83467,25.07623,,,,,33.12961,34.56506,37.70923,34.75883
2022-03-24 04:00:01,2022-03-23 20:00:01,dark,Restrict,,,,,,,,,33.21928,35.60958,36.42179,15.86967,,,,
2022-03-24 05:00:01,2022-03-23 21:00:01,dark,Eat,32.36406,31.25456,32.53387,32.72169,40.58337,44.10223,40.07455,25.08511,,,,,31.60981,34.56506,37.92048,34.77861
2022-03-24 05:00:01,2022-03-23 21:00:01,dark,Restrict,,,,,,,,,33.21928,35.4353,36.32262,15.86967,,,,
2022-03-24 06:00:01,2022-03-23 22:00:01,dark,Eat,31.00961,31.26579,32.53375,32.43798,40.58337,44.10025,40.31443,25.09322,,,,,31.1653,34.56506,37.77221,34.79838
2022-03-24 06:00:01,2022-03-23 22:00:01,dark,Restrict,,,,,,,,,33.21928,35.42587,36.30592,15.86967,,,,
2022-03-24 07:00:01,2022-03-23 23:00:01,dark,Eat,31.54232,31.26579,32.53375,32.09804,40.58337,44.09851,40.49273,25.09473,,,,,31.1653,34.56506,37.60637,34.77061
2022-03-24 07:00:01,2022-03-23 23:00:01,dark,Restrict,,,,,,,,,33.21928,35.42587,36.30592,15.86967,,,,
2022-03-24 08:00:01,2022-03-24 00:00:01,dark,Eat,32.07503,31.26579,32.53375,32.22163,40.58337,44.09725,40.50237,25.09473,,,,,,,,
2022-03-24 08:00:01,2022-03-24 00:00:01,dark,Restrict,,,,,,,,,33.21928,35.42587,36.30592,15.86967,31.1653,34.56506,37.33204,34.46787
