Date_Time_1,envirolightlux_2,envirotemp_2,envirorh_2,envirooccupancy_2,envirosound_2,vo2_1,vo2_2,vo2_3,vo2_4,vo2_5,vo2_6,vo2_7,vo2_8,vo2_9,vo2_10,vo2_11,vo2_12,vo2_13,vo2_14,vo2_15,vco2_1,vco2_2,vco2_3,vco2_4,vco2_5,vco2_6,vco2_7,vco2_8,vco2_9,vco2_10,vco2_11,vco2_12,vco2_13,vco2_14,vco2_15,vh2o_1,vh2o_2,vh2o_3,vh2o_4,vh2o_5,vh2o_6,vh2o_7,vh2o_8,vh2o_9,vh2o_10,vh2o_11,vh2o_12,vh2o_13,vh2o_14,vh2o_15,kcal_hr_1,kcal_hr_2,kcal_hr_3,kcal_hr_4,kcal_hr_5,kcal_hr_6,kcal_hr_7,kcal_hr_8,kcal_hr_9,kcal_hr_10,kcal_hr_11,kcal_hr_12,kcal_hr_13,kcal_hr_14,kcal_hr_15,rq_1,rq_2,rq_3,rq_4,rq_5,rq_6,rq_7,rq_8,rq_9,rq_10,rq_11,rq_12,rq_13,rq_14,rq_15,foodupa_1,foodupa_2,foodupa_3,foodupa_4,foodupa_5,foodupa_6,foodupa_7,foodupa_8,foodupa_9,foodupa_10,foodupa_11,foodupa_12,foodupa_13,foodupa_14,foodupa_15,waterupa_1,waterupa_2,waterupa_3,waterupa_4,waterupa_5,waterupa_6,waterupa_7,waterupa_8,waterupa_9,waterupa_10,waterupa_11,waterupa_12,waterupa_13,waterupa_14,waterupa_15,xbreak_1,xbreak_2,xbreak_3,xbreak_4,xbreak_5,xbreak_6,xbreak_7,xbreak_8,xbreak_9,xbreak_10,xbreak_11,xbreak_12,xbreak_13,xbreak_14,xbreak_15,ybreak_1,ybreak_2,ybreak_3,ybreak_4,ybreak_5,ybreak_6,ybreak_7,ybreak_8,ybreak_9,ybreak_10,ybreak_11,ybreak_12,ybreak_13,ybreak_14,ybreak_15,pedmeters_1,pedmeters_2,pedmeters_3,pedmeters_4,pedmeters_5,pedmeters_6,pedmeters_7,pedmeters_8,pedmeters_9,pedmeters_10,pedmeters_11,pedmeters_12,pedmeters_13,pedmeters_14,pedmeters_15,allmeters_1,allmeters_2,allmeters_3,allmeters_4,allmeters_5,allmeters_6,allmeters_7,allmeters_8,allmeters_9,allmeters_10,allmeters_11,allmeters_12,allmeters_13,allmeters_14,allmeters_15
03/06/2022 15:50:00,0,0,0,0,0,1.609782,1.711593,1.796438,1.505086,1.617916,1.694408,1.581354,1.542874,1.620371,1.488784,1.707431,1.778073,1.965802,1.877482,1.736155,1.103299,1.320987,1.306809,1.113952,1.312248,1.234348,1.288475,1.207843,1.204701,1.127628,1.376984,1.426646,1.531726,1.466764,1.392456,0.2660095,0.2679886,0.3329574,0.2776005,0.2556493,0.2641173,0.2546625,0.2959795,0.2199135,0.2272629,0.2251313,0.2806696,0.3088293,0.2876189,0.2809813,0.453864,0.492384,0.5115054,0.4298146,0.4696533,0.4825711,0.4594301,0.4449804,0.4630969,0.4268674,0.4951159,0.5151154,0.5664788,0.5412837,0.5029345,0.6834875,0.7734994,0.7297008,0.7388636,0.8112741,0.729811,0.813751,0.7818862,0.743399,0.7580633,0.8080609,0.8054981,0.7810262,0.7830054,0.8043709,0.01849111,0,0.001880194,0.007455308,0.07228535,0.04876875,0.1689229,0.04312439,0.04192066,0.01069715,0.005668182,0.06242006,0.08780796,0.04115059,0.0597824,0,0.03574835,0.01994359,0.01471839,0.1780791,0.01382694,0.003071968,0.1719279,0.005461629,0.005395563,0.01068685,0.01059277,0.006402026,0,0.05746882,1273,1736,2460,1357,1787,2160,1264,715,1335,915,2285,2494,2254,1942,2576,1347,1692,2630,1378,1913,2529,1564,989,1575,964,2460,2619,2617,1809,2603,10.12555,14.51416,22.21692,13.99826,11.84941,13.60277,11.23646,9.452213,13.69195,7.805964,22.12859,19.97174,24.966,17.71771,22.38525,12.9285,17.37774,25.51543,16.57786,14.93184,17.27143,13.72145,11.18413,16.39566,10.09597,25.25248,22.8493,27.77467,20.54913,25.37227
03/06/2022 16:50:00,0,0,0,0,0,1.236226,1.317579,1.363607,1.171987,1.265784,1.40721,1.264747,1.364416,1.324124,1.345311,1.378995,1.428547,1.812073,1.287777,1.444198,0.8005036,0.9221404,0.9586858,0.8211705,0.9231983,1.004216,0.9640735,1.026381,0.9909312,1.058579,1.181863,1.243842,1.552115,0.9837652,1.195001,0.2003277,0.183972,0.2559345,0.2478517,0.1839995,0.2242661,0.2041651,0.2381617,0.169191,0.184918,0.200505,0.2685627,0.3635684,0.2567986,0.282702,0.3454394,0.372748,0.386057,0.3316209,0.3605706,0.3993888,0.3630379,0.3907405,0.3788606,0.3883595,0.4045056,0.4203357,0.5314811,0.3697904,0.4207954,0.6480845,0.698355,0.7001964,0.7001242,0.7292746,0.7133158,0.7612704,0.7497768,0.7489868,0.7847692,0.8576661,0.8684275,0.8566513,0.7644249,0.8282288,0.02355954,0,0.02374043,0.00857547,0.1006169,0.09243876,0.235111,0.06312233,0.09622777,0.07020327,0.1083944,0.2299978,0.3080857,0.05624374,0.1768597,0,0.04360973,0.02908329,0.01757809,0.2113955,0.0239563,0.003479009,0.2068169,0.005554199,0.005523682,0.02846448,0.101634,0.0736295,0,0.09429954,32,164,215,66,71,202,117,118,186,370,484,1318,2103,59,759,47,111,203,38,52,117,109,236,210,581,318,570,2135,69,1001,12.8025,21.8129,32.6962,19.70856,20.32231,23.85226,17.77726,11.21939,17.96947,10.40419,34.66137,47.27002,58.74403,24.59154,45.8323,17.44195,27.62186,39.73244,23.86001,26.339,31.98309,22.31016,13.7557,22.76534,14.71076,41.46645,55.07174,67.44915,30.21268,54.70082
03/06/2022 17:50:00,0,0,0,0,0,1.246499,1.425117,1.427132,1.262701,1.164846,1.431254,1.453005,1.392292,1.361848,1.217055,1.347802,1.454234,1.333373,1.51639,1.236087,0.8420111,1.011468,1.178163,0.9502262,0.8573208,1.073586,1.194017,1.147738,1.111542,1.015443,1.20969,1.224936,1.095056,1.237667,1.028909,0.1085432,0.07128792,0.153432,0.1632624,0.08729085,0.1178052,0.1372304,0.1584361,0.09028866,0.1050503,0.1337186,0.1569074,0.2129342,0.1668471,0.1667768,0.350623,0.4041041,0.4156425,0.3616353,0.3323314,0.4096775,0.4228126,0.4053854,0.3957846,0.3551696,0.3989763,0.4251549,0.3879574,0.4406971,0.3605635,0.6733937,0.7076105,0.8286057,0.7532842,0.7362848,0.7508668,0.8179363,0.8247427,0.8167812,0.8345604,0.897521,0.8377354,0.8210442,0.8159872,0.8312479,0.02355954,0.01081853,0.2445436,0.04300031,0.1006169,0.1390469,0.502578,0.1429656,0.2267735,0.1697732,0.3087246,0.2846541,0.3476893,0.09451712,0.2192834,0,0.04372286,0.08501621,0.02102101,0.2113955,0.0258173,0.09766312,0.3559007,0.01100948,0.009960899,0.1217932,0.1191262,0.08267211,0.01947377,0.09429954,224,516,577,424,15,755,671,168,257,255,533,1143,228,680,161,166,486,672,267,15,828,706,283,445,348,534,889,277,744,228,13.22649,22.28634,37.37725,21.50479,20.36341,28.15702,20.92896,12.64628,20.38606,13.84338,39.3646,54.38643,67.0369,27.45812,48.2536,18.57428,28.71079,46.52626,26.66557,26.73593,38.83789,26.82417,16.25263,26.21551,19.98406,48.28838,63.74493,78.91186,34.74299,58.61055
03/06/2022 18:50:00,0,0,0,0,0,1.166865,1.459665,1.360675,1.299058,1.379144,1.321626,1.162077,1.316777,1.43327,1.189081,1.170282,1.614634,1.576015,1.323539,1.343202,0.773727,1.231809,1.164254,1.031399,1.025319,1.007947,0.9510072,1.094453,1.258793,1.08073,1.054838,1.494016,1.436252,1.150751,1.199364,0.0532732,0.02598805,0.09392166,0.102141,0.05176301,0.05169807,0.08534111,0.09975401,0.06207315,0.057375,0.08587698,0.1497153,0.1484343,0.1126086,0.1059741,0.3272615,0.4268951,0.3990052,0.3756188,0.3941525,0.3793992,0.3378935,0.3839931,0.4224445,0.3528875,0.3467238,0.4809391,0.4679743,0.3893278,0.3972034,0.6637691,0.844899,0.8556635,0.7907805,0.7418885,0.7611564,0.8182234,0.8305002,0.879527,0.9113177,0.9016792,0.9250746,0.9141185,0.8689908,0.8960987,0.02355954,0.2813872,0.3461132,0.1560555,0.1358575,0.1681063,0.7195405,0.2222645,0.3789272,0.3158538,0.3726191,0.6313101,0.5518964,0.2023213,0.3503495,0,0.06695426,0.09057619,0.0740241,0.219374,0.03182252,0.200592,0.5070495,0.03766797,0.0112915,0.157013,0.2582862,0.1112636,0.05659036,0.09752111,60,1266,439,299,234,250,80,76,351,113,102,2555,991,161,228,58,1490,474,267,264,250,31,274,493,225,69,2071,1015,218,386,13.44274,39.88387,39.96964,23.5051,20.61767,30.25713,24.30234,14.12544,22.93438,14.75111,41.39319,85.90206,74.11782,31.08831,50.07853,19.35599,49.84941,50.70838,29.87259,27.40381,42.43039,31.4042,18.42781,30.28003,21.91499,51.44887,99.91433,89.34162,40.4482,62.106
03/06/2022 19:50:00,0,0,0,0,0,1.436601,1.274651,1.475837,1.303302,1.272995,1.354456,1.276826,1.419761,1.537231,1.394176,1.388434,1.366213,1.440618,1.350623,1.390398,1.041117,1.091711,1.257661,1.151752,1.040285,1.044957,1.065933,1.208462,1.362104,1.274488,1.239449,1.270339,1.305675,1.258008,1.250265,0.04527112,0.000470206,0.0679521,0.07745152,0.04119219,0.02952156,0.05748834,0.09609612,0.05586611,0.05135743,0.06716193,0.112993,0.1047145,0.07883669,0.0767269,0.4087871,0.3738498,0.4324348,0.3846091,0.3700456,0.3896181,0.3726535,0.4159102,0.4538828,0.4142418,0.4105589,0.4073544,0.4272931,0.4028497,0.411741,0.7258714,0.8562379,0.8489974,0.8828053,0.8182701,0.7700939,0.8326727,0.8528378,0.8851845,0.9148083,0.8937243,0.9292244,0.9050664,0.932363,0.8991871,0.08980723,0.3349862,0.4723821,0.5512916,0.3321369,0.2236507,0.7578201,0.3042032,0.5358853,0.4502077,0.4464664,0.6934938,0.6794361,0.3084181,0.4533565,0,0.0695193,0.1008301,0.2999045,0.3575479,0.04354861,0.2740471,0.5070495,0.08420374,0.0112915,0.157013,0.2648014,0.1188959,0.132019,0.09777866,413,155,283,472,78,229,453,151,473,355,391,368,332,249,261,547,130,315,477,78,347,278,404,655,527,413,356,466,209,371,15.10548,47.28476,41.10373,27.09577,22.20156,31.10529,24.79253,15.81061,26.19628,16.81461,42.32395,103.4932,77.19315,31.74297,51.22465,22.45794,58.77559,53.22531,35.15076,29.95289,44.48255,32.83117,21.63656,35.35395,25.27676,53.88507,120.8586,94.44875,42.11689,64.61501
03/06/2022 20:50:00,0,0,0,0,0,1.859038,1.859571,1.856294,1.598544,1.608755,1.536296,1.479965,1.796281,1.953541,1.685747,1.656761,1.675108,1.850169,1.816502,1.649331,1.465638,1.572094,1.665935,1.47508,1.407733,1.306417,1.3161,1.572224,1.727311,1.550629,1.573119,1.606968,1.715001,1.688027,1.557063,0.0862687,0.04149985,0.09749371,0.08911678,0.07295046,0.05154573,0.07862491,0.1301803,0.1078951,0.07803875,0.08742419,0.1161902,0.1216448,0.1333823,0.09798786,0.5368479,0.5440382,0.5494907,0.4758781,0.4738233,0.4499665,0.437289,0.5290814,0.5765588,0.5015115,0.49615,0.5027344,0.5512984,0.5415476,0.4933276,0.7869228,0.8460953,0.8978066,0.9233904,0.8741657,0.8509372,0.8896765,0.8754,0.8855014,0.9220213,0.9507181,0.9590691,0.9276407,0.9295918,0.9454387,0.2216657,0.4699103,0.784478,0.6841457,0.4788463,0.4385858,1.130195,0.5139859,0.7190824,0.6222333,0.5893993,0.8516705,0.8797635,0.5118837,0.6508006,0.006713914,0.07001863,0.2743113,0.4472117,0.4777443,0.04692858,0.4605182,0.5430204,0.2034024,0.01468177,0.1809911,0.3780583,0.1527372,0.1426721,0.1525467,1399,1197,2151,1174,710,1016,820,989,1387,1345,1350,1271,1263,1060,977,1786,1364,2096,1621,767,1116,694,1696,1861,1649,1414,1400,1576,1111,1187,26.76284,57.18295,58.61224,38.76364,24.27884,41.9097,29.0823,25.94553,44.9432,26.96829,52.67431,114.7913,87.98543,39.45131,57.57121,37.07618,71.14314,73.81931,49.29409,33.39296,58.50801,39.74281,34.58147,57.46145,38.42736,66.63599,135.0813,108.0362,52.28728,73.7029
03/06/2022 21:50:00,0,0,0,0,0,1.725624,1.85077,1.734428,1.39667,1.469885,1.68207,1.520541,1.711241,1.953498,1.602167,1.503462,1.501843,1.84043,1.979379,1.537715,1.410502,1.610945,1.55076,1.291703,1.302804,1.471264,1.386561,1.505088,1.740097,1.508738,1.457186,1.435957,1.70522,1.818462,1.52031,0.1281636,0.07510976,0.1212576,0.1010651,0.1025832,0.09140225,0.09051696,0.1486146,0.1329517,0.1060558,0.1068913,0.130445,0.1427512,0.1453023,0.1146355,0.501642,0.5445355,0.5130312,0.415974,0.4340231,0.4953753,0.4515593,0.5045177,0.5773969,0.4789684,0.4522076,0.450416,0.5483466,0.5887171,0.464496,0.8180879,0.8700454,0.8953457,0.9245806,0.8863876,0.8738449,0.9131774,0.8780419,0.8916696,0.9419557,0.9699575,0.9556181,0.9270729,0.9189687,0.9914154,0.4527144,0.7721531,1.181721,0.8783009,0.823676,0.7179003,1.576251,0.8432305,0.9058296,0.9315247,0.7561948,1.076657,1.142486,0.8515337,1.015227,0.04534784,0.073719,0.5954816,0.7190433,0.7225302,0.3043032,0.8726712,0.6170647,0.5750667,0.05816096,0.3135464,0.585254,0.4480886,0.2478123,0.4700354,1073,1310,1482,610,375,923,766,972,1170,1191,827,776,1235,1126,781,1365,1459,1652,640,508,1279,749,1320,1529,1505,752,1005,1786,1546,833,54.79829,85.15558,92.84186,57.20127,33.58482,56.66529,34.9259,46.12055,74.65288,52.21971,69.1057,129.7752,119.4227,57.48983,69.7613,69.44554,102.8021,112.5932,71.39812,45.77316,76.70559,48.18335,58.17884,90.57568,67.15502,86.3927,153.2954,143.8435,73.73515,89.4007
03/06/2022 22:50:00,0,0,0,0,0,1.649384,1.552435,1.727547,1.547759,1.520513,1.787127,1.596512,1.458549,1.857156,1.508723,1.507597,1.663007,1.651356,2.056182,1.345169,1.440027,1.353102,1.562582,1.46023,1.387229,1.575706,1.432945,1.281723,1.684741,1.45401,1.475073,1.595039,1.544659,1.905549,1.371503,0.1065578,0.06256123,0.08750105,0.08064853,0.07729609,0.0834192,0.08789551,0.1268169,0.1154883,0.1107991,0.08758709,0.1083086,0.09972244,0.1543728,0.1019586,0.4855735,0.4568806,0.5121886,0.4628841,0.4515971,0.527148,0.4726014,0.4299436,0.5509426,0.4532407,0.4543723,0.4990813,0.4929832,0.6126571,0.4090916,0.8716722,0.8701908,0.9046603,0.9428813,0.9100611,0.8822932,0.8967783,0.877973,0.906736,0.9650965,0.9788843,0.9580989,0.9323555,0.9259303,1.020491,0.7353783,0.997925,1.488139,1.193984,1.084683,1.020344,2.16489,1.186961,1.159315,1.233089,0.8174675,1.33356,1.317421,0.9689422,1.353518,0.3282828,0.1667404,0.826459,0.9447746,0.9605169,0.4545878,1.505302,0.7530898,0.8869623,0.2191335,0.4421086,0.6830646,0.5636126,0.4690344,0.5475674,819,650,975,942,554,1896,1090,474,973,895,747,1135,1060,1335,91,939,728,1083,1038,648,2331,1017,744,1347,1098,754,1293,1341,1767,202,68.773,99.19792,106.198,63.46621,38.15892,76.25092,51.21379,64.69447,95.14152,71.54154,79.84784,139.7988,133.9489,81.78857,74.96798,86.66157,119.6096,129.3281,79.88062,52.13435,100.3741,68.12652,79.85642,114.1614,89.64389,99.57917,165.9023,161.3475,101.7941,96.66992
03/06/2022 23:50:00,0,0,0,0,0,1.63341,1.3007,1.702712,1.517519,1.563736,1.485034,1.316314,1.288088,1.92226,1.485306,1.501391,1.851258,1.876674,1.926782,1.731915,1.433192,1.152177,1.522794,1.423204,1.39507,1.289206,1.177966,1.131431,1.7428,1.452502,1.472955,1.764683,1.789217,1.816065,1.723641,0.1452016,0.07955214,0.1254914,0.1031395,0.1148795,0.1107002,0.09100393,0.1244484,0.137224,0.1206324,0.09547873,0.1398615,0.1463469,0.1883171,0.1701924,0.4813427,0.384022,0.503676,0.4532765,0.462338,0.4367028,0.3894253,0.379663,0.5701899,0.4476036,0.4527642,0.5548527,0.5624909,0.5761209,0.5239094,0.875095,0.8843447,0.8950188,0.9365524,0.8908499,0.8657233,0.892705,0.8766173,0.9072669,0.9779115,0.9823331,0.9534155,0.9541115,0.9425888,0.9958009,1.258146,1.176389,1.86053,1.456234,1.45997,1.129728,2.363031,1.197412,1.503768,1.535338,0.8271548,1.731122,1.727309,1.34752,1.608163,0.3446045,0.2970195,1.284611,1.155287,1.228578,0.4927055,1.539983,0.7780147,1.135377,0.3007811,0.4848804,0.9885387,0.6068119,0.619548,0.6026002,878,242,2134,687,669,796,417,132,1497,770,846,1273,2526,963,2021,1063,313,2109,663,739,929,353,264,1750,932,873,2046,2784,1422,2108,80.51122,106.2123,127.776,75.5379,45.79589,98.32314,54.34098,66.27553,123.8395,84.51542,90.06661,162.3088,164.362,104.2407,88.27788,102.0385,129.0124,155.5105,94.77024,62.69947,127.7242,72.5874,82.08804,146.2811,106.0736,112.6759,193.139,196.7318,128.4248,113.3773
03/07/2022 00:50:00,0,0,0,0,0,1.468892,1.694983,1.302869,1.718357,1.576245,1.602284,1.689849,1.609873,1.830326,1.609442,1.702035,1.864681,1.782632,2.007428,1.770709,1.288198,1.476543,1.166049,1.586423,1.443913,1.401594,1.544732,1.458985,1.655722,1.56646,1.667698,1.780676,1.689416,1.868992,1.767785,0.1257566,0.1051998,0.1234326,0.1244405,0.1218752,0.08435116,0.1161175,0.1544087,0.1582636,0.1201524,0.1067547,0.1560262,0.1642109,0.1956102,0.1797715,0.4328191,0.498779,0.3854555,0.5115978,0.468537,0.4718859,0.5020902,0.4774888,0.5426726,0.4845189,0.5131317,0.5590882,0.5336308,0.5987027,0.536012,0.8752949,0.8706663,0.8950907,0.9230825,0.9142711,0.871726,0.9140263,0.9054834,0.9056244,0.9733278,0.9799422,0.9554702,0.9476511,0.9314712,0.9984567,1.485005,1.283567,2.023983,1.792514,1.665283,1.25738,3.037264,1.460295,1.742627,1.741188,1.058914,2.071535,1.97279,1.658547,1.980113,0.3446045,0.3246769,1.453797,1.252102,1.317564,0.4927055,1.750842,0.9572545,1.299911,0.3800966,0.6411399,1.298994,0.7015108,0.9132213,0.7105707,381,1256,82,2124,626,881,1730,656,1956,844,1412,2473,2124,1765,2071,429,1402,115,2365,766,1439,1702,1088,2330,1023,1430,2199,2313,2155,2186,86.74007,115.4861,139.0998,92.24087,48.86644,103.6354,64.58375,76.56351,152.5672,91.7691,101.3086,188.8447,195.9428,126.1815,116.0005,110.4856,140.1864,170.1244,115.4917,68.11147,135.4375,86.78484,94.5421,179.6313,115.7677,128.2281,225.0042,234.5487,155.0444,146.8079
03/07/2022 01:50:00,0,0,0,0,0,1.818838,1.763018,1.778109,1.488624,1.624887,1.394638,1.348961,1.441282,1.576489,1.674079,1.748754,1.622341,1.54542,1.677279,1.64322,1.603441,1.55315,1.62332,1.394179,1.460205,1.202282,1.194552,1.282744,1.390582,1.605536,1.716554,1.540556,1.411323,1.48719,1.574153,0.1447693,0.1629604,0.1536456,0.1363963,0.1549018,0.1077402,0.1259098,0.1694241,0.1573664,0.1469612,0.1468252,0.1684049,0.1619733,0.1959673,0.1908007,0.5364867,0.5199503,0.5281752,0.4445178,0.4811199,0.4095595,0.3982458,0.4259284,0.4650557,0.5023962,0.5274209,0.4858501,0.4590853,0.4952994,0.4930165,0.8815609,0.8817259,0.9132392,0.9365042,0.8959652,0.8611941,0.8834205,0.8902864,0.8833033,0.9592996,0.9812917,0.9500082,0.9125913,0.8821202,0.9579865,1.810147,1.47837,2.377916,2.139367,2.088726,1.434367,3.093244,1.528675,1.808465,2.210716,1.283644,2.276837,2.158381,1.884015,2.19286,0.5046489,0.6837344,1.660303,1.352091,1.461801,0.4927055,1.792216,0.9754939,1.356289,0.627276,0.7291062,1.312897,0.7816464,1.15057,0.9170681,718,1307,2003,693,932,145,614,365,452,1975,2186,1399,785,1212,1579,979,1690,1967,450,1078,191,410,613,542,2185,2466,1420,847,1214,1739,91.30688,139.4163,148.7264,115.6881,56.99914,113.0177,76.25994,81.01546,166.3942,113.4782,121.5822,208.9038,216.2483,149.0167,145.2926,117.2418,168.6803,182.5438,142.884,80.03815,148.2281,103.1788,100.4875,197.8303,141.537,153.8333,251.3914,260.1201,183.1548,181.3112
03/07/2022 02:50:00,0,0,0,0,0,1.880235,1.369704,1.29971,1.675276,1.462576,1.41074,1.45795,1.689503,1.662471,1.348885,1.388944,1.516292,1.433187,1.665396,1.47432,1.621862,1.190718,1.12786,1.552321,1.316085,1.190972,1.284841,1.482965,1.495459,1.319774,1.340946,1.39504,1.23359,1.432707,1.356493,0.1844843,0.1311066,0.1434618,0.1401283,0.1513836,0.08621173,0.1090752,0.1908778,0.1624955,0.1448743,0.1588354,0.1420919,0.1194337,0.1653073,0.1649307,0.5522271,0.4028963,0.3821743,0.4991477,0.4331761,0.4126166,0.430009,0.4979094,0.4923464,0.4065376,0.4174149,0.4511172,0.4207523,0.4888741,0.4386347,0.8649341,0.8672702,0.866059,0.9262631,0.8995621,0.8414394,0.8786709,0.8775246,0.896305,0.9774529,0.963868,0.9197956,0.8611231,0.8572894,0.9201154,2.269761,1.668002,2.49598,2.278719,2.337168,1.43606,3.112264,1.925592,2.017818,2.456569,1.358281,2.371674,2.158381,1.891223,2.32005,1.035798,0.7360308,1.778321,1.356216,1.559687,0.4949121,1.798335,0.9754939,1.413376,0.6450171,0.7294914,1.333058,0.7816464,1.199157,0.9285719,1715,425,322,1825,410,659,652,1066,622,607,1006,494,163,623,409,2093,415,378,1293,446,942,465,1441,740,573,964,476,218,686,658,110.7699,154.0297,161.803,126.9825,64.78247,114.5224,76.88125,95.7758,176.1543,130.8353,142.6512,213.6482,217.1885,153.7055,156.8655,141.1442,186.7534,200.0169,156.4366,90.96651,150.7238,105.1159,118.5102,210.0128,163.4534,180.4775,258.5331,262.1147,190.093,195.4852
03/07/2022 03:50:00,0,0,0,0,0,1.484059,1.232218,1.538942,1.613954,1.47637,1.333465,1.545962,1.244755,1.502492,1.459882,1.472202,1.491381,2.067216,1.816603,1.509428,1.307246,1.022934,1.378917,1.483475,1.373817,1.140216,1.395514,1.121331,1.332181,1.411317,1.431676,1.389394,1.799425,1.641543,1.412339,0.1516348,0.08696724,0.1105653,0.1679307,0.1168311,0.0815025,0.1198079,0.1589575,0.1325289,0.1108572,0.1212254,0.1196743,0.1237498,0.1674182,0.1401568,0.4376695,0.3592521,0.4554033,0.4800791,0.4402691,0.3909759,0.4581645,0.3687463,0.4436827,0.4388588,0.4431228,0.4448521,0.6082237,0.5384867,0.4506421,0.8794404,0.8306797,0.8929986,0.9197893,0.9290969,0.8536839,0.9007149,0.90105,0.8843814,0.96626,0.9723296,0.930864,0.8704641,0.8990628,0.935818,2.435843,1.673423,2.61587,2.477413,2.432279,1.44062,3.538844,1.980325,2.098772,2.566983,1.381817,2.576921,2.269714,2.045837,2.467142,1.215602,0.7423693,1.853033,1.422124,1.604076,0.500762,2.084185,0.9754939,1.452666,0.7123591,0.7393794,1.523658,0.8369473,1.463394,1.029879,781,151,896,2136,372,308,1202,44,375,625,455,536,1296,1042,351,982,201,850,2007,578,465,702,113,478,617,511,571,1836,1213,597,127.9585,155.0341,164.029,154.4133,65.93398,122.9216,85.2821,101.1334,178.7993,133.8408,144.6194,217.3399,226.9101,162.6693,163.8373,163.1794,188.5393,203.5175,189.4709,92.91105,162.8654,117.6417,125.7679,213.9292,168.2341,183.8665,264.8771,275.3913,202.1427,204.7965
03/07/2022 04:50:00,0,0,0,0,0,1.376674,1.781791,1.369877,1.480221,1.683346,1.390578,1.259338,1.593936,1.639423,1.455735,1.56357,1.711732,1.757144,1.573571,1.843002,1.204684,1.536575,1.252285,1.337828,1.550892,1.149518,1.097758,1.432223,1.464028,1.409854,1.52117,1.618557,1.613981,1.406211,1.749557,0.1186923,0.09878957,0.1145635,0.1475931,0.1294558,0.07577176,0.1042505,0.1513264,0.1306668,0.1013121,0.1221748,0.1528723,0.1487668,0.1674629,0.1709324,0.4054712,0.5232894,0.4070227,0.4387914,0.5009612,0.4050982,0.3706303,0.4719444,0.4848109,0.437781,0.4706667,0.5121637,0.522598,0.4654029,0.5518968,0.8738406,0.8631663,0.9120485,0.9029437,0.9218168,0.8253015,0.8716348,0.8985286,0.8917133,0.9685289,0.9758171,0.9453084,0.9194019,0.8913904,0.9494447,2.464564,1.851948,2.823902,2.700536,2.902789,1.44062,3.599353,2.129369,2.240823,2.803314,1.697327,2.955197,2.575661,2.180514,2.788527,1.233858,0.9717677,2.143164,1.45567,1.834223,0.5010442,2.095826,0.9759884,1.614724,0.8106158,0.9086664,1.833934,1.175393,1.686933,1.347884,310,990,442,417,1278,397,85,862,617,577,1048,2161,1100,470,2619,338,1294,390,503,1483,625,35,1206,661,630,1146,2368,1427,432,2352,130.4691,164.9265,173.572,165.268,78.15009,124.0897,87.09944,105.9163,182.0544,138.9862,153.8991,230.6989,254.1877,172.0803,186.028,167.142,201.012,216.3587,204.1935,108.9979,164.8694,120.9974,132.2556,219.643,175.0457,197.2842,282.925,307.1608,215.2186,230.8553
03/07/2022 05:50:00,0,0,0,0,0,1.843607,1.348252,1.564701,1.482163,1.387013,1.310148,1.557416,1.43051,1.757481,1.877641,1.324462,1.520355,1.388081,1.652103,1.798642,1.651313,1.189379,1.418805,1.408179,1.282913,1.098765,1.394105,1.267507,1.557911,1.766248,1.315243,1.380895,1.21345,1.483092,1.707813,0.1558512,0.1076585,0.123784,0.1370216,0.1301619,0.08543361,0.1231709,0.1689517,0.1584064,0.1348058,0.1189086,0.1672063,0.1391926,0.1521672,0.1988229,0.5455204,0.3977349,0.4641411,0.443919,0.4131072,0.3827115,0.4607795,0.4223701,0.518957,0.5611953,0.4004618,0.4511392,0.4087503,0.4890743,0.5386374,0.8960842,0.88054,0.9047471,0.9486223,0.9230133,0.8377815,0.8955592,0.8862848,0.8873782,0.9416419,0.9933834,0.9080545,0.8749703,0.8960987,0.9514223,2.988011,2.040015,3.015174,2.776737,2.99065,1.44062,3.714893,2.372613,2.476179,2.958392,1.724827,3.022074,2.638373,2.180609,3.424902,1.601627,1.350106,2.405744,1.460518,1.834223,0.5056449,2.23399,0.9772939,1.940525,1.049218,0.9255055,1.900582,1.20319,1.797623,1.489416,1566,495,859,933,417,113,1009,538,1285,1564,272,771,53,459,2319,1798,581,858,808,482,192,779,826,1341,1618,259,704,117,498,2253,140.2995,174.7144,179.3389,166.9742,84.87103,130.9899,89.51669,122.267,196.5021,159.6656,156.993,245.5786,259.4229,173.6831,222.2374,180.6014,214.3417,224.17,207.421,118.4714,173.6267,125.0972,152.1135,238.0137,199.1072,202.0205,303.192,314.6686,218.194,271.9656
03/07/2022 06:50:00,0,0,0,0,0,1.602775,1.598227,1.446661,1.415741,1.29989,1.302687,1.273008,1.298167,1.752878,1.406377,1.594635,1.524469,1.982358,1.962499,1.730349,1.401594,1.396594,1.317894,1.297956,1.189052,1.099369,1.077232,1.15478,1.507192,1.323627,1.541875,1.402901,1.757097,1.843931,1.68313,0.1557695,0.09047698,0.1114237,0.1650248,0.1084068,0.06462732,0.1104185,0.143956,0.1536452,0.1157998,0.1231934,0.14392,0.1220568,0.166803,0.1998298,0.4720019,0.4705948,0.4295329,0.4208986,0.3862774,0.3809874,0.3725007,0.3835958,0.5145027,0.4203877,0.4793862,0.4535725,0.5853494,0.5864159,0.5208509,0.873343,0.8730645,0.912672,0.9159473,0.9152161,0.8437608,0.8457827,0.8893722,0.857033,0.9418595,0.9680654,0.9183829,0.8859121,0.9404764,0.973339,3.233548,2.139623,3.201353,2.969077,2.993429,1.498699,3.859987,2.372643,2.593825,2.964341,1.894718,3.298029,2.815552,2.884656,3.496364,1.933261,1.425492,2.553998,1.46601,1.834223,0.5056449,2.367039,0.9772939,1.999424,1.119848,1.009123,1.900582,1.232131,2.094314,1.505678,1233,916,379,941,128,332,179,218,1009,452,1370,630,1365,1338,2344,1189,942,387,757,106,576,88,310,1254,413,1372,528,1586,1545,2250,158.4395,179.6397,183.6429,179.3285,86.85207,133.3599,93.5624,124.3146,208.4876,169.435,167.2279,248.8862,267.1293,186.3066,258.4398,204.1965,221.1398,230.4086,223.5051,122.1461,177.4096,131.8018,155.3398,253.3043,211.6643,215.8054,309.8583,324.8384,234.483,313.2908
03/07/2022 07:50:00,0,0,0,0,0,1.486608,1.402319,1.6796,1.57614,1.630025,1.610292,1.735424,1.676653,1.858724,1.715825,1.500072,1.710842,2.172899,1.80842,1.868056,1.290646,1.182191,1.478117,1.477267,1.504577,1.399187,1.515313,1.523063,1.590412,1.578257,1.445834,1.584365,1.845875,1.630755,1.719548,0.08751978,0.04879127,0.08875474,0.1383384,0.08977704,0.02929156,0.08789352,0.119595,0.1231838,0.1008701,0.08887252,0.1096176,0.1093647,0.1478059,0.1725309,0.4371706,0.4100425,0.4952461,0.4707256,0.4852794,0.4736197,0.5109146,0.4975319,0.5450536,0.5104572,0.4506525,0.5096842,0.636296,0.5358359,0.5558298,0.8651912,0.8409526,0.8818558,0.9366157,0.9218,0.8679265,0.8709879,0.9086806,0.8564261,0.9203274,0.9661448,0.9254004,0.8494459,0.9024186,0.920146,3.287548,2.268574,3.466805,3.191837,3.206634,1.569923,4.052566,2.782132,2.783055,2.980638,1.991005,3.454428,3.02107,3.326026,3.54127,1.990099,1.520108,2.798663,1.562467,1.903755,0.5129505,2.499147,1.050075,2.179109,1.255667,1.073442,1.99828,1.358454,2.123902,1.512177,587,362,1911,1861,760,1019,1478,1424,1624,1563,1076,1634,1830,1540,2672,621,413,1830,2048,799,1296,1202,1796,1966,1642,1184,1789,2124,1729,2745,163.0799,186.836,195.5,190.6916,90.98173,139.9604,100.3078,133.7167,242.439,184.4613,175.8294,256.4772,298.7239,202.0987,300.2467,211.2938,231.188,246.1177,238.5955,128.6652,186.2316,140.8432,167.1664,291.0857,230.1565,227.4493,320.9521,360.6017,255.0141,360.4467
03/07/2022 08:50:00,0,0,0,0,0,1.480721,1.516803,1.27078,1.300441,1.486028,1.561676,1.443543,1.386118,1.516699,1.410554,1.446595,1.532928,1.920761,1.711404,1.712536,1.227263,1.284579,1.081244,1.131429,1.320753,1.286369,1.203081,1.20416,1.238547,1.245776,1.381098,1.367076,1.553132,1.421154,1.374798,0.1269444,0.08458833,0.1231005,0.1604117,0.1192268,0.07019205,0.1234999,0.1536967,0.1467434,0.1184443,0.1145649,0.1603408,0.1552519,0.1842466,0.1885,0.4315725,0.4439079,0.3722399,0.3825838,0.4390312,0.4546373,0.4211766,0.4076695,0.4408286,0.4162093,0.4337116,0.4531952,0.557249,0.4989865,0.4961779,0.8214524,0.844269,0.8479733,0.868981,0.8883184,0.823263,0.8281549,0.8671143,0.8133411,0.8792553,0.9530694,0.8901157,0.8067819,0.8261698,0.8012363,3.487909,2.406106,3.509156,3.247911,3.267405,1.662797,4.244282,2.874424,2.908513,2.995141,2.196922,3.584127,3.153489,3.414063,3.570347,2.164602,1.533177,2.829604,1.58013,1.952297,0.5409484,2.592337,1.112456,2.239285,1.330536,1.227491,2.094651,1.43543,2.1313,1.513208,620,1154,483,204,564,978,623,94,1173,582,857,1221,1975,1388,2158,668,1220,408,206,592,1184,486,284,1303,757,852,1220,2178,1445,2054,175.0382,195.3583,205.849,201.3956,95.10833,158.1187,114.6822,147.1051,269.1798,199.3637,189.1079,273.562,331.419,224.5457,344.4438,226.4002,242.923,261.4008,253.2656,134.898,208.8476,159.1277,183.8911,322.515,249.0961,245.62,343.9947,398.759,282.8845,410.082
03/07/2022 09:50:00,0,0,0,0,0,1.297624,1.176072,1.328246,1.290674,1.248449,1.310521,1.191813,1.424695,1.425014,1.297747,1.23598,1.343719,1.352016,1.408447,1.389719,0.9908313,0.8839027,1.111511,1.078433,1.058247,1.010255,0.9088963,1.206206,1.08805,1.101167,1.141072,1.070709,1.025061,1.068885,1.032066,0.129651,0.09706203,0.1395745,0.1626354,0.1314523,0.09145871,0.1073311,0.1749515,0.1376174,0.1165944,0.1158726,0.163277,0.1497692,0.1757499,0.1760129,0.3725878,0.3367497,0.387837,0.3767576,0.3654335,0.3769263,0.3421304,0.4169273,0.4091619,0.3799387,0.3679813,0.388788,0.3877208,0.4039725,0.3971009,0.7630942,0.7509683,0.8356933,0.834006,0.8466418,0.7699151,0.7626116,0.8457468,0.7615981,0.849219,0.923869,0.7978459,0.7589319,0.7583023,0.742125,3.488645,2.411478,3.596029,3.247911,3.267405,1.685384,4.247434,2.874424,2.921104,2.995141,2.229603,3.605808,3.165683,3.414281,3.570347,2.176118,1.536032,2.832147,1.58013,1.955864,0.5494075,2.592554,1.112456,2.239594,1.333027,1.227579,2.098823,1.435853,2.132654,1.513208,166,47,286,330,82,162,81,467,434,193,101,94,67,229,62,133,30,310,276,78,166,25,840,335,201,50,92,117,210,58,175.7352,200.3065,206.641,202.2599,98.14394,163.3349,115.2957,152.5755,272.8459,201.3911,190.6087,277.1115,340.7042,228.0258,355.0043,228.1441,249.9459,263.3581,255.1335,139.8047,216.5451,160.3357,191.3919,327.6237,252.4673,248.1706,349.2289,411.0814,288.0882,423.489
03/07/2022 10:50:00,0,0,0,0,0,1.517898,1.391273,1.210602,1.338974,1.322297,1.608432,1.556869,1.336573,1.50132,1.406556,1.237889,1.523457,1.354923,1.47093,1.465583,1.126788,1.138805,1.031905,1.056213,1.092277,1.347795,1.302704,1.090629,1.175935,1.138598,1.098119,1.234137,1.039149,1.140651,1.099218,0.1479798,0.115413,0.156367,0.1699733,0.1394345,0.1156635,0.1383424,0.1827101,0.1795418,0.1461299,0.1316058,0.1601182,0.1442422,0.179007,0.1667723,0.4336958,0.4045514,0.3547362,0.386704,0.3851537,0.4697696,0.4545846,0.3884201,0.4330372,0.4081515,0.3655825,0.4421339,0.3893432,0.4235097,0.4194959,0.7408276,0.8185956,0.8524239,0.7840556,0.8246223,0.8378282,0.8330061,0.8146175,0.7827607,0.8062728,0.8877246,0.8072878,0.7681003,0.7756131,0.749695,3.504357,2.500034,3.667507,3.247911,3.269134,1.685384,4.311357,2.874424,2.994422,2.999094,2.229603,3.628638,3.165683,3.419574,3.570347,2.176118,1.538085,2.970472,1.58013,1.955864,1.029472,2.674847,1.112456,2.288601,1.333108,1.227579,2.115196,1.435853,2.238724,1.513208,815,784,51,208,158,1338,1305,222,1267,586,261,766,34,170,791,940,845,44,118,168,1704,1126,369,1438,602,218,814,55,193,902,177.5093,204.204,207.261,202.961,98.18448,169.573,119.3182,154.5854,288.361,206.8887,190.6595,279.1011,340.7645,229.3522,356.1801,231.035,255.3449,264.9314,256.8863,140.2489,225.4549,166.1413,195.0667,346.7046,259.9395,248.8899,352.2932,411.6767,291.0705,425.7369
03/07/2022 11:50:00,0,0,0,0,0,1.463429,1.165716,1.25019,1.329629,1.689761,1.348185,1.306401,1.580485,1.281464,1.305748,1.422709,1.434487,1.338805,1.38659,1.467263,1.0528,0.8910664,0.9843447,0.9979835,1.465868,1.057168,1.050649,1.320273,0.975826,0.9938157,1.27135,1.228817,1.014763,1.141744,1.066331,0.2098771,0.139174,0.190313,0.1913044,0.1885099,0.1478157,0.1611124,0.2146995,0.1765902,0.1612034,0.1772641,0.2047865,0.165149,0.1949233,0.197011,0.4159063,0.3347763,0.360941,0.3806302,0.4968358,0.3889455,0.3786327,0.4613347,0.3677709,0.3747068,0.4207805,0.420743,0.3839136,0.4036391,0.4177107,0.7170277,0.7644674,0.7836729,0.7499685,0.8680921,0.7824893,0.8012131,0.8342851,0.760622,0.7602449,0.8944806,0.8576592,0.7589256,0.824378,0.7265632,3.591719,2.551151,3.667507,3.247911,3.544465,1.689899,4.416778,2.94107,3.031979,3.008623,2.364947,3.700221,3.165683,3.419803,3.570347,2.178474,1.540732,2.970472,1.58013,1.955864,1.296843,2.838269,1.151567,2.288602,1.337641,1.283273,2.198224,1.435853,2.239655,1.513208,876,32,303,214,1252,181,324,1190,38,260,772,447,122,187,264,915,18,359,157,1398,190,140,1664,20,401,905,470,157,195,219,188.9412,208.7038,207.7363,203.371,108.6446,179.5554,129.429,161.8567,292.2432,208.1724,196.6824,288.2943,340.7762,230.1622,362.256,247.3091,261.3738,266.8047,258.042,153.8848,238.9693,179.6363,204.7356,351.5807,262.0262,257.8576,364.8204,412.0863,292.7826,435.4004
03/07/2022 12:50:00,0,0,0,0,0,1.252271,1.185267,1.383246,1.523474,1.281471,1.384372,1.538759,1.230653,1.510524,1.498025,1.199487,1.27693,1.709368,1.350871,1.222981,0.8473809,0.875411,1.070034,1.235674,1.083602,1.064436,1.252909,0.9871024,1.16549,1.275133,1.048087,0.9964768,1.256277,1.085697,0.8955768,0.2047599,0.1460379,0.2070549,0.2104722,0.2076979,0.1491027,0.1777567,0.221695,0.1906791,0.2093241,0.1967459,0.198485,0.2085108,0.2028343,0.1878926,0.3523441,0.3383604,0.3980898,0.4422399,0.3749245,0.3979846,0.4469979,0.3565044,0.4345203,0.4388408,0.3531819,0.3680692,0.4875637,0.3914738,0.3486166,0.6772959,0.7387444,0.7670323,0.810755,0.8453013,0.7665346,0.8100615,0.8021168,0.7704136,0.8550966,0.8720515,0.781095,0.7340328,0.803878,0.7323253,3.594102,2.551151,3.720501,3.392156,3.634702,1.690027,4.509596,3.002321,3.064782,3.248828,2.398197,3.700221,3.184739,3.419803,3.570347,2.178919,1.540732,2.985899,1.58013,1.955864,1.29879,2.927902,1.232603,2.313884,1.386511,1.302743,2.198224,1.518909,2.255271,1.513208,50,171,549,639,37,567,824,67,996,1113,52,122,1099,75,48,47,110,448,749,26,757,628,58,714,1319,84,179,1471,62,76,189.9507,208.7038,208.3534,208.5096,113.691,180.6494,131.5796,170.8036,293.6646,220.5526,198.5325,288.6394,352.2588,230.2924,362.3324,249.2979,261.6588,268.5043,265.6157,161.0437,240.9544,182.94,216.1447,354.4609,277.7452,260.7727,365.9328,426.519,293.4197,436.0598
03/07/2022 13:50:00,0,0,0,0,0,1.529166,1.365127,1.395979,1.218347,1.556707,1.273918,1.358727,1.561536,1.4196,1.239566,1.510923,1.492185,1.322502,1.756813,1.467058,1.096219,1.02576,1.160723,0.9376913,1.348363,0.981674,1.104621,1.335104,1.056961,1.018584,1.34578,1.270905,0.9865674,1.457098,1.128638,0.1822859,0.1235451,0.2173102,0.1770661,0.1828538,0.1244354,0.1585969,0.2104168,0.1857707,0.1907043,0.1874302,0.1885525,0.1787129,0.1963401,0.170196,0.4343317,0.3908674,0.4071188,0.3503155,0.4575762,0.3663746,0.3945874,0.4578382,0.4058184,0.3607011,0.4465788,0.4371793,0.3781876,0.5121092,0.421797,0.7101085,0.743719,0.8330844,0.7698882,0.8629241,0.7714339,0.8112735,0.854333,0.7459434,0.8202716,0.8927484,0.8510296,0.7458951,0.8288143,0.7691381,3.680766,2.596422,3.999638,3.404063,3.797897,1.697201,4.710442,3.129846,3.134959,3.339359,2.554021,3.784865,3.190958,3.423061,3.574721,2.181516,1.540732,3.249202,1.58013,2.063025,1.307705,3.04167,1.377592,2.424039,1.386605,1.391305,2.291527,1.543609,2.441871,1.513208,1006,747,1016,33,929,297,57,1453,436,31,1039,942,49,1526,1168,1180,879,1003,25,1120,345,0,1504,371,57,1170,1004,144,1555,1172,192.6887,210.8084,218.1306,210.2641,117.1966,187.16,136.7717,179.1543,302.5268,224.093,203.0664,293.7972,356.9265,237.4834,364.6812,253.2481,264.8432,282.3044,268.1259,166.0565,250.575,190.1701,226.9521,366.3339,282.9535,268.0366,373.6501,432.6575,303.828,439.8831
03/07/2022 14:50:00,0,0,0,0,0,1.353598,1.220173,1.200628,1.380767,1.335243,1.386856,1.215947,1.339237,1.362972,1.45829,1.192015,1.226185,1.351796,1.488942,1.494062,1.012473,0.9828696,0.9807135,1.044019,1.165235,1.06935,0.9620917,1.088679,1.000774,1.176692,1.092005,1.019105,1.016817,1.126073,1.149492,0.1366131,0.07879067,0.1453754,0.1167696,0.1288724,0.06353743,0.09647989,0.1564486,0.1056434,0.1278915,0.1275844,0.1196794,0.1018477,0.1390429,0.1215189,0.3872596,0.3537453,0.3489806,0.3957772,0.3930565,0.3988982,0.3513673,0.3889208,0.3886998,0.4229126,0.3543294,0.3575715,0.3871216,0.4268015,0.4295661,0.7458953,0.8047841,0.8167774,0.7558976,0.8705601,0.7686101,0.7912762,0.8129755,0.7324048,0.8066643,0.9172384,0.8305217,0.7522371,0.7554306,0.768737,3.780087,2.720827,4.000765,3.404063,3.942053,1.722459,4.710442,3.17167,3.134959,3.377428,2.642525,3.817623,3.190958,3.424792,3.612114,2.23017,1.540732,3.269604,1.58013,2.201348,1.332619,3.04167,1.455594,2.424039,1.386605,1.47297,2.337714,1.543609,2.539696,1.513208,291,259,138,301,59,490,12,104,138,891,49,74,126,202,614,149,141,107,212,44,724,0,56,83,1110,44,69,126,234,652,199.9742,220.894,219.4915,210.7277,122.296,188.3782,136.7717,185.4386,302.8932,226.1264,207.3391,296.8943,356.9633,243.1949,375.2894,264.318,277.3477,284.702,269.4662,173.5306,252.927,190.21,235.9742,367.0742,286.5711,274.2212,378.2701,433.2713,312.9505,455.6818
03/07/2022 15:50:00,0,0,0,0,0,1.258294,1.087797,1.45711,1.278196,1.34964,1.368266,1.578496,1.394133,1.367689,1.254479,1.207238,1.288574,1.554963,1.400203,1.374941,0.9153039,0.8373284,1.253888,0.963352,1.180367,1.157216,1.347111,1.220885,1.086596,1.009229,1.039571,1.027007,1.204729,1.090391,1.046301,0.1119133,0.06907599,0.15508,0.1101379,0.123949,0.07924769,0.1262374,0.1576403,0.1052588,0.1280587,0.1169757,0.103305,0.1127057,0.1214454,0.106856,0.3582757,0.3127857,0.4277562,0.3661703,0.3974651,0.4003332,0.4626454,0.4106747,0.3955102,0.3636066,0.3544494,0.3728484,0.4476323,0.4034503,0.3945511,0.7277565,0.7698616,0.858439,0.7541968,0.8727348,0.845549,0.852892,0.8735131,0.793327,0.8053063,0.8597007,0.7977405,0.7752444,0.7776105,0.7603685,3.780087,2.720827,4.547183,3.404063,4.04028,1.881642,4.940129,3.178726,3.705257,3.445363,2.642525,3.817623,3.241627,3.424792,3.612114,2.2546,1.540732,3.347357,1.58013,2.201348,1.620116,3.120235,1.455594,2.430913,1.386605,1.47297,2.337714,1.543609,2.540152,1.513208,67,48,859,122,321,674,602,586,304,86,120,160,672,136,182,27,32,1050,192,276,837,558,698,316,80,118,194,953,190,207,200.0169,221.176,222.9123,211.4448,124.0885,197.449,143.1261,189.1333,303.5039,232.4023,207.3485,297.0399,363.5231,243.1949,376.0457,264.9877,277.9559,290.3186,271.1778,176.397,266.0352,197.6933,241.9363,369.1199,295.3275,274.8698,379.1232,442.2696,313.7327,457.4572
03/07/2022 16:50:00,0,0,0,0,0,1.447008,1.332888,1.235948,1.17849,1.400221,1.371821,1.211732,1.393065,1.325963,1.188097,1.283482,1.467946,1.225927,1.471604,1.494382,1.142233,1.03375,1.104269,0.8657756,1.216094,1.146032,1.009559,1.203945,1.026341,0.9458663,1.14063,1.253229,0.9447665,1.211572,1.244795,0.08441049,0.03984964,0.1098261,0.07064483,0.08545938,0.0450931,0.09725083,0.133445,0.0696075,0.08071418,0.08377475,0.08327401,0.06706055,0.09106243,0.08314524,0.4179581,0.3837743,0.3655317,0.3361186,0.4117962,0.4004315,0.3535205,0.4092978,0.3816451,0.3437052,0.3791843,0.4302748,0.3525775,0.4283754,0.4359662,0.7862827,0.770882,0.8933547,0.7337301,0.86609,0.8329445,0.8333063,0.8617013,0.7706103,0.7945254,0.8919525,0.8477082,0.7710842,0.8221622,0.8311321,3.882835,2.765208,4.736956,3.404103,4.197457,1.908151,5.096362,3.236679,3.870432,3.445363,3.161038,3.930892,3.248957,3.424792,3.732107,2.303071,1.540732,3.389841,1.58013,2.203143,1.643273,3.163924,1.455594,2.503233,1.386605,1.47297,2.437727,1.543609,2.58164,1.513208,710,586,69,113,209,377,9,566,162,181,284,1110,56,418,822,645,534,61,116,204,598,72,665,221,127,368,1292,60,452,868,201.721,223.3297,226.0318,211.6552,125.2391,198.7612,147.7207,193.0938,304.1158,232.4023,207.6972,299.8863,365.6156,245.1388,381.6708,268.3743,281.1285,295.4008,271.8799,178.2037,268.5451,203.1696,248.2583,370.5303,295.6761,276.3708,383.6977,445.3523,317.351,466.0446
03/07/2022 17:50:00,0,0,0,0,0,1.240039,1.106898,1.312021,1.539447,1.242911,1.385419,1.182721,1.38091,1.434458,1.44062,1.287788,1.585347,1.546823,1.318031,1.326029,0.9325376,0.8736703,1.200029,1.326098,1.13227,1.166789,0.9427062,1.184132,1.12954,1.220745,1.214706,1.464749,1.280629,1.157689,1.061809,0.06174273,0.03346574,0.09485788,0.08389734,0.07889219,0.06652108,0.07896738,0.1090661,0.06049645,0.0701608,0.0809453,0.1179322,0.05935981,0.07001397,0.05855753,0.3551027,0.319714,0.3898745,0.4520175,0.3690362,0.4050243,0.3422242,0.4051091,0.4141482,0.4216576,0.3851183,0.4720718,0.4507444,0.3884858,0.3840145,0.7524599,0.7894432,0.9140678,0.8616879,0.9115279,0.8394068,0.7969227,0.8542771,0.7836382,0.8477015,0.9409189,0.9244492,0.8256444,0.8790344,0.798691,3.93466,2.842098,4.736956,3.632327,4.402068,2.008472,5.096362,3.304334,3.870432,3.58205,3.387567,4.149572,3.327167,3.424792,3.778548,2.355323,1.540732,3.445383,1.679819,2.211208,1.757288,3.163924,1.455594,2.503233,1.446385,1.47297,2.705099,1.575149,2.620126,1.519342,59,30,167,952,50,379,25,328,234,348,279,1135,635,99,216,55,28,152,827,38,380,8,578,202,352,160,1205,830,116,164,202.6288,227.1013,226.2134,216.2381,126.0989,205.1108,147.7207,195.0544,304.6476,234.8858,208.4652,315.992,368.3934,246.325,383.8679,270.8389,286.5938,296.473,278.7055,179.9972,277.71,203.3581,251.7873,372.8686,299.8705,278.8053,405.3563,449.473,319.6737,469.5946
03/07/2022 18:50:00,0,0,0,0,0,1.422453,1.266799,1.409664,1.358957,1.43514,1.354405,1.407043,1.419618,1.449057,1.307729,1.296843,1.415233,1.389169,1.459661,1.406604,1.065124,1.028112,1.279686,1.173278,1.271936,1.153286,1.174439,1.254616,1.163247,1.189294,1.220484,1.260957,1.194504,1.267891,1.224001,0.0721131,0.05378998,0.1097268,0.1007577,0.1009906,0.08220477,0.1073545,0.1284885,0.07149231,0.08026274,0.09319228,0.1212091,0.078996,0.09060216,0.07962985,0.4070348,0.3677728,0.418249,0.3991976,0.4237588,0.3967947,0.4106452,0.4189393,0.419837,0.3881472,0.3876428,0.418323,0.4077502,0.4292888,0.4138303,0.7445908,0.8107788,0.9068874,0.8604437,0.885875,0.8497089,0.828544,0.8815503,0.8023558,0.9101596,0.9416521,0.8912195,0.860284,0.8677067,0.870569,3.963974,2.932602,4.738251,3.696912,4.43517,2.099469,5.301166,3.486907,3.870432,3.764767,3.387567,4.169273,3.436536,3.424792,3.910461,2.365288,1.540732,3.476418,1.732139,2.227921,1.757573,3.163924,1.455594,2.503233,1.455971,1.47297,2.713844,1.62851,2.624528,1.594996,418,190,380,70,287,230,328,298,296,237,259,154,157,237,180,425,118,353,120,314,473,205,455,237,159,192,234,237,150,142,202.886,227.2481,226.3638,218.8696,126.9251,206.5974,148.7193,197.6781,305.504,236.212,209.1766,317.7662,373.165,246.4369,384.6748,272.0328,287.4445,297.3533,282.764,181.7869,280.3035,205.1752,256.7467,374.8712,302.3301,280.466,408.8778,456.0108,320.6149,472.0756
03/07/2022 19:50:00,0,0,0,0,0,1.494967,1.439682,1.459008,1.471948,1.434797,1.411658,1.32435,1.462953,1.563172,1.373091,1.407102,1.5379,1.728199,1.569968,1.484855,1.213295,1.216074,1.274988,1.324637,1.260002,1.233722,1.114272,1.325182,1.341624,1.287087,1.34833,1.418713,1.456443,1.40928,1.25067,0.09899808,0.08147845,0.1489866,0.1245349,0.1347816,0.10966,0.1261815,0.1619963,0.09944281,0.09619716,0.1148279,0.1582216,0.1213229,0.1146533,0.0967587,0.4340142,0.4211259,0.4296053,0.4359597,0.4228859,0.4156703,0.3870988,0.4338689,0.4586578,0.4100921,0.4221984,0.4577976,0.5052996,0.4647545,0.4341034,0.8105815,0.8476886,0.8769231,0.9012367,0.8781377,0.8713855,0.8450928,0.9052911,0.8556421,0.9330661,0.9584204,0.9275503,0.8418319,0.8963056,0.8422486,4.143236,3.065079,4.754517,3.842666,4.554642,2.313253,5.413341,3.628506,3.870432,3.902295,3.387567,4.330911,3.481332,3.424792,3.910461,2.497963,1.702955,3.476418,1.754093,2.249396,1.900627,3.164482,1.455594,2.519768,1.455971,1.47297,2.72981,1.631914,2.627058,1.594996,559,504,643,586,210,218,559,398,800,399,638,595,521,478,515,513,549,595,633,229,604,539,638,714,412,472,557,815,596,414,206.5632,228.8269,228.937,220.4183,128.2187,209.2857,150.057,200.8215,309.1543,237.2673,210.4537,321.0941,375.3499,247.1796,385.3659,278.158,290.5242,302.4354,285.1299,184.3224,284.8136,207.3891,261.599,380.688,304.3238,283.4041,414.9051,460.0843,322.7293,473.7969
03/07/2022 20:50:00,0,0,0,0,0,1.83712,1.914924,1.879469,1.762807,1.741333,1.824532,1.871205,1.863926,2.007117,1.786952,1.829137,1.733418,2.080446,2.016152,1.813308,1.306128,1.469367,1.403316,1.384147,1.491895,1.603209,1.479355,1.679276,1.691876,1.56099,1.669644,1.593505,1.62732,1.718403,1.415468,0.1317038,0.09380235,0.1818658,0.1508962,0.147701,0.1118925,0.1829115,0.1754662,0.141198,0.1144377,0.1332248,0.1598567,0.1342459,0.1424413,0.1068648,0.52108,0.5503101,0.5375434,0.5086853,0.5107577,0.5378179,0.5406352,0.5521807,0.5868757,0.52613,0.5433153,0.5156291,0.5999311,0.5907725,0.5227052,0.7115682,0.7661669,0.7481854,0.7848666,0.8570593,0.8824953,0.7951774,0.9035194,0.8452227,0.875508,0.9129819,0.9211423,0.7840846,0.8536267,0.7834387,4.143236,3.130697,4.754517,3.842666,4.646369,2.428433,5.413341,3.673609,3.870432,3.98722,3.387567,4.379344,3.525166,3.424792,3.910461,2.497963,1.947415,3.488494,1.871398,2.347923,2.035414,3.186835,1.4561,2.541559,1.457772,1.473876,2.74538,1.638032,2.632709,1.606931,1732,1390,2032,1660,1745,1463,1246,966,1609,1792,2045,1543,1350,1070,1565,1589,1683,2146,1754,1771,1625,1579,1514,1570,1647,1988,1726,1644,1258,1381,223.1419,247.6873,249.1232,240.2158,141.3083,221.3465,165.1513,210.5435,324.1501,252.5092,225.6291,332.1713,391.278,258.7261,397.6847,297.9826,312.6331,326.8605,309.0208,200.4154,299.6984,226.5492,274.5676,399.8448,322.9088,302.8146,429.0051,478.9911,337.8474,488.894
03/07/2022 21:50:00,0,0,0,0,0,1.660421,1.781878,1.910455,1.505104,1.726275,1.994457,1.705959,1.814657,1.913088,1.626637,1.758058,1.76233,2.082901,1.857234,1.738482,1.049502,1.236882,1.333518,1.052236,1.257188,1.582466,1.300622,1.6185,1.419159,1.385288,1.431854,1.482444,1.484618,1.642419,1.305982,0.2140213,0.1412475,0.2418438,0.1936675,0.2043624,0.1427444,0.2205962,0.2033928,0.1959081,0.1593951,0.1751129,0.1889304,0.1865938,0.1886838,0.1409392,0.4622681,0.5034223,0.5402384,0.4257233,0.4916221,0.5766217,0.4897003,0.5364975,0.5465443,0.4765624,0.5107281,0.5150957,0.591042,0.5481524,0.4977465,0.6296328,0.695587,0.6983913,0.6983144,0.7284982,0.794399,0.7629752,0.8926681,0.7426888,0.8535872,0.8171927,0.8427572,0.7179002,0.8852897,0.7534472,4.143236,3.130697,4.754517,3.842666,4.646369,2.428433,5.413341,3.673609,3.870432,3.98722,3.387567,4.379344,3.525166,3.424792,3.910461,2.497963,2.060512,3.510384,1.967199,2.35447,2.050912,3.218758,1.571331,2.604851,1.466414,1.477752,2.769725,1.664143,2.697019,1.635396,1222,984,1720,921,977,1413,1139,1229,1087,1574,1554,1334,1511,1625,1239,1129,1550,1772,911,1268,1525,1151,1771,1386,1559,1636,1545,1700,1722,1325,247.2668,269.0583,285.8737,257.1068,165.0312,246.6704,177.7169,235.2537,348.347,274.2078,251.01,353.6342,421.3288,277.2088,425.8535,326.4285,338.4035,368.213,330.0834,229.1615,330.1801,244.2119,303.3447,427.9696,349.9015,333.548,455.3269,513.45,360.5814,521.5691
03/07/2022 22:50:00,0,0,0,0,0,1.802913,1.673803,1.893881,1.673241,1.539755,1.802132,1.668613,1.768206,1.801672,1.587184,1.741156,1.828129,1.634755,1.855142,1.346113,1.161773,1.144999,1.288635,1.180893,1.147476,1.37208,1.220047,1.571275,1.341219,1.288997,1.35053,1.495411,1.187076,1.668498,1.001584,0.2701416,0.1638811,0.2612784,0.224081,0.2368682,0.1727205,0.2489105,0.2249165,0.2024021,0.1844703,0.1946021,0.2184999,0.2164907,0.2290158,0.1497436,0.5034119,0.4717696,0.533341,0.4740187,0.4402369,0.5171835,0.4755225,0.5223798,0.5150266,0.4608433,0.5013349,0.5315149,0.4653285,0.5493885,0.3847671,0.6442527,0.684226,0.6804605,0.7066799,0.7451202,0.761537,0.7307147,0.8887019,0.7455562,0.812709,0.7765775,0.8188659,0.7285452,0.8998634,0.7433869,4.143236,3.130697,4.754517,3.842666,4.646369,2.428433,5.413341,3.673609,3.870432,3.98722,3.387567,4.379344,3.525166,3.424792,3.910461,2.508616,2.213249,3.600545,2.03506,2.360269,2.071012,3.259363,1.630512,2.66979,1.494003,1.534304,2.79098,1.728024,2.777304,1.636037,1402,1027,1399,1406,944,1437,1142,1293,987,1471,1273,1244,782,1763,274,1445,1240,1559,1349,1230,1591,1203,1714,1129,1226,1437,1164,971,2086,193,266.8538,288.0904,317.9856,272.8047,176.7156,264.4416,189.4153,260.6353,369.8008,292.2439,272.9757,367.977,439.452,299.6202,433.0125,349.9523,361.6066,404.3521,349.6044,245.8465,353.9516,261.3814,333.5435,453.0833,373.4387,360.8719,474.8084,535.9245,387.9326,531.1569
03/07/2022 23:50:00,0,0,0,0,0,1.592461,1.641454,2.001718,1.621358,1.452316,1.762135,1.413723,1.731398,1.815408,1.583935,1.758614,1.777637,1.720301,1.941129,1.502144,1.000562,1.117922,1.363919,1.130593,0.9848234,1.286574,0.9870352,1.416381,1.33027,1.276179,1.329692,1.425809,1.260169,1.787771,1.153884,0.2433788,0.1587595,0.2572709,0.2375228,0.2213758,0.1969245,0.2292487,0.2229738,0.1971374,0.1858444,0.2119806,0.2338192,0.1857695,0.2371492,0.172022,0.4429505,0.4623235,0.5638359,0.4584126,0.4087676,0.5020514,0.3997886,0.5033975,0.517548,0.4592245,0.5040803,0.5149567,0.4904072,0.5776359,0.4317687,0.6246397,0.6805043,0.6821702,0.6972194,0.6774788,0.7296085,0.6962894,0.8182417,0.7342745,0.8072706,0.7569635,0.8030735,0.7323105,0.921109,0.7693342,4.143236,3.130697,4.754517,3.842666,4.646369,2.428433,5.413341,3.673609,3.870432,3.98722,3.387567,4.379344,3.525166,3.424792,3.910461,2.550392,2.271601,3.726545,2.139644,2.361841,2.099156,3.527108,1.741115,2.769118,1.594804,1.635774,2.799526,1.734742,2.841913,1.673753,917,1062,1602,1472,571,1503,964,1188,1309,1266,1355,1357,674,1640,1097,1191,1123,1753,1382,681,1722,918,1544,1294,1443,1371,1286,941,1798,1026,280.7579,300.6334,345.5143,293.1093,182.48,283.7681,201.3492,281.8186,388.0373,311.4516,297.1168,378.5404,445.1351,321.6001,441.2563,366.9368,378.1617,435.7368,374.9541,254.7154,379.5545,278.2587,359.711,475.6289,397.7328,389.3945,490.7845,543.5856,414.5265,542.889
03/08/2022 00:50:00,0,0,0,0,0,1.815745,1.269122,1.342705,1.351913,1.648697,1.730139,1.080507,1.500259,1.681873,1.590645,1.572987,1.692809,1.897303,1.771551,1.437036,1.18212,0.8630602,0.8842632,0.9023616,1.115542,1.232636,0.7384056,1.130801,1.167082,1.218595,1.163015,1.331138,1.367379,1.64155,1.080355,0.2476526,0.162062,0.237784,0.2437682,0.2425047,0.2290184,0.1977131,0.2404186,0.1912591,0.2438063,0.24035,0.2352679,0.2204221,0.2543737,0.1884474,0.5077966,0.3573693,0.3761757,0.379554,0.4638783,0.4909064,0.3044973,0.4297912,0.4751432,0.4569899,0.4491263,0.4886159,0.5393757,0.5278342,0.4114939,0.6517688,0.681473,0.6536461,0.6616769,0.6770092,0.7131777,0.6811127,0.7523355,0.6945673,0.7667041,0.7406685,0.7890329,0.7227683,0.9266931,0.7540234,4.143236,3.130697,4.754517,3.842666,4.646369,2.428433,5.413341,3.673609,3.870432,3.98722,3.387567,4.379344,3.525166,3.424792,3.910461,2.550392,2.354156,3.901834,2.256165,2.403294,2.118944,3.579819,1.874733,2.897902,1.705906,1.755595,2.932865,1.756685,3.126179,1.694698,1211,503,741,766,1124,1358,240,1086,1051,1379,876,1206,1281,1669,690,1724,565,813,735,1334,1576,206,1403,1093,1274,920,1397,1480,1774,634,302.3189,318.1486,370.313,309.576,194.5433,305.1376,204.5592,295.8935,406.4439,328.9579,318.2005,392.9444,468.7331,343.0741,448.3436,393.2066,399.1959,464.2575,395.6274,271.225,406.6132,283.1575,379.0406,498.1767,420.2358,414.0366,510.2214,570.9039,441.3756,552.3489
03/08/2022 01:50:00,0,0,0,0,0,1.570594,1.508527,1.34055,1.486683,1.300128,1.626557,1.600366,1.196427,1.293054,1.303986,1.314236,1.170266,1.143845,1.450261,1.565704,1.032827,1.032592,0.910477,1.005414,0.8879524,1.115844,1.126586,0.8528317,0.8551325,0.9645458,0.9477221,0.8465627,0.7921638,1.267889,1.134169,0.2124176,0.1375048,0.2040088,0.2236481,0.2395359,0.236522,0.2176219,0.2262607,0.1714115,0.2272868,0.2098405,0.1947239,0.1992655,0.2363346,0.2155488,0.4399211,0.425229,0.3774056,0.4182602,0.3663528,0.4586631,0.4531829,0.3395011,0.3625021,0.3723478,0.3736552,0.3328989,0.3230415,0.4270657,0.4454899,0.6545885,0.6818689,0.6750678,0.6750704,0.680988,0.6868777,0.7039666,0.7129543,0.6609281,0.7392999,0.7235803,0.7225575,0.6940407,0.8736387,0.724903,4.143236,3.130697,4.754517,3.842666,4.646369,2.428433,5.413341,3.673609,3.870432,3.98722,3.387567,4.379344,3.525166,3.424792,3.910461,2.550392,2.374561,3.909294,2.330991,2.48765,2.225284,3.723502,1.913453,2.973876,1.848167,1.78536,2.976796,1.809018,3.214947,1.818171,888,531,534,1159,658,1217,1132,281,263,668,523,162,129,166,1364,1033,605,588,1171,716,1500,1281,351,400,716,493,145,200,98,1301,318.7608,322.9915,373.6733,320.6139,206.7451,324.9167,214.002,302.7351,416.5807,344.1513,324.5363,401.0944,479.4667,351.7893,467.4026,413.385,405.0475,468.7093,408.8851,288.3145,431.5305,295.6009,388.2845,510.8564,439.5029,422.0448,521.3929,584.2983,453.4458,575.0208
03/08/2022 02:50:00,0,0,0,0,0,1.348612,1.27581,1.402024,1.221556,1.414152,1.280276,0.8164774,1.616511,1.546715,1.426934,1.555336,1.720565,1.251192,1.528453,1.076597,0.8584498,0.8485819,0.9355263,0.8078893,0.9557919,0.8723539,0.5429306,1.132633,1.031696,1.045091,1.134713,1.257692,0.8957853,1.326812,0.786288,0.1807543,0.1599278,0.2192951,0.203336,0.2154564,0.1942614,0.1787227,0.2234366,0.1469915,0.196569,0.2117555,0.1908921,0.1627548,0.2074789,0.1934952,0.3758594,0.35799,0.3936042,0.3424606,0.3978167,0.3606234,0.2290931,0.4574018,0.4341997,0.406765,0.4430743,0.4903052,0.3553012,0.4494653,0.3067502,0.6309104,0.655944,0.660117,0.6617318,0.6750745,0.6792539,0.6590177,0.7009033,0.6669832,0.7323505,0.730917,0.7336317,0.7168193,0.8642091,0.7298929,4.143236,3.130697,4.754517,3.842666,4.646369,2.428433,5.413341,3.673609,3.870432,3.98722,3.387567,4.379344,3.525166,3.424792,3.910461,2.682712,2.506172,4.098122,2.414903,2.538981,2.392758,3.784543,1.995268,2.984491,1.885544,1.858975,2.995277,1.809225,3.215221,1.894247,905,526,814,505,1021,659,345,1147,714,783,1079,1260,59,250,125,840,569,1006,507,886,824,305,1235,799,787,1233,1109,83,119,127,336.2938,339.2925,391.9469,332.6734,212.8043,337.9667,223.2241,313.7491,420.8315,348.9517,336.9209,407.2893,479.6341,351.8691,477.5266,435.0701,423.8232,489.9464,423.3651,297.4117,449.4872,308.376,402.6027,515.9935,446.0099,437.851,529.5123,584.7333,454.3078,587.7728
03/08/2022 03:50:00,0,0,0,0,0,1.612056,1.638508,1.141179,1.404642,0.9079878,1.320604,0.7020859,1.107526,1.637217,1.215819,0.9794585,1.284604,1.883389,1.827281,1.606766,1.040744,1.125192,0.7733949,0.9528364,0.6018787,0.8953336,0.4643404,0.7346482,1.09233,0.8970432,0.697982,0.9134802,1.311759,1.534275,1.174678,0.1425248,0.1432777,0.1874259,0.1913915,0.1678806,0.135189,0.1318054,0.1974832,0.1512407,0.1799451,0.1782768,0.1858683,0.1603867,0.2035165,0.187007,0.4502505,0.4621094,0.3211657,0.395372,0.2546435,0.3716843,0.1968288,0.3106367,0.4596234,0.3470203,0.2779208,0.364376,0.5323946,0.5338935,0.4578875,0.6430607,0.6846462,0.6724737,0.6795962,0.663988,0.6739315,0.6574071,0.6596654,0.6677896,0.7373188,0.7147734,0.7095264,0.6971209,0.844739,0.731932,4.143236,3.130697,4.754517,3.842666,4.646369,2.428433,5.413341,3.673609,3.870432,3.98722,3.387567,4.379344,3.525166,3.424792,3.910461,2.702295,2.549615,4.137155,2.529686,2.654641,2.405397,3.784543,2.038229,3.066742,1.994268,1.885324,3.117475,1.838898,3.216952,1.935507,1165,790,234,837,40,425,22,315,1033,665,91,529,1295,749,1201,1344,1072,201,1110,8,462,14,495,1077,536,141,461,1596,911,1178,345.1024,347.7386,395.6422,343.9761,217.4792,339.7713,223.4364,325.4688,438.1877,359.2563,344.4643,420.8054,494.1193,355.0425,489.2664,446.1171,434.2422,494.7906,437.9733,304.2189,452.6465,308.9291,418.0663,536.871,459.8053,448.2483,546.9218,601.1583,459.2752,601.1461
03/08/2022 04:50:00,0,0,0,0,0,1.141143,0.9270221,1.496423,0.8751036,1.683405,1.498902,1.276768,1.364537,1.168102,1.051479,1.498822,1.285136,1.308542,1.776179,1.16175,0.7039786,0.6012762,0.9994634,0.5787385,1.143005,1.053982,0.8825186,0.9435998,0.7686827,0.7528131,1.07307,0.9439906,0.9197888,1.354224,0.8412892,0.1375497,0.1417884,0.2021444,0.1688849,0.1682868,0.1488884,0.1253174,0.1805861,0.1333396,0.1484146,0.163736,0.1521339,0.1696587,0.2098869,0.204199,0.3165508,0.2591043,0.4201686,0.2453321,0.4739077,0.4243725,0.3604685,0.3852758,0.3272192,0.2985895,0.4256203,0.3665265,0.3704551,0.5098615,0.3305353,0.6130093,0.6423588,0.6604741,0.6648895,0.6782002,0.7036358,0.6887961,0.6888042,0.6575997,0.716098,0.7153167,0.7342995,0.7088355,0.7603177,0.7243646,4.143236,3.130697,4.754517,3.842666,4.646369,2.428433,5.413341,3.673609,3.870432,3.98722,3.387567,4.379344,3.525166,3.424792,3.910461,2.80509,2.653936,4.238097,2.588333,2.715455,2.500015,3.785129,2.058862,3.083076,2.011227,1.898305,3.119982,2.031013,3.22607,2.004465,423,257,1043,23,1005,1193,363,610,242,334,918,488,781,839,669,393,270,1153,19,1029,1394,376,832,293,335,909,446,862,947,684,362.3129,360.3206,412.208,348.7451,223.571,353.1246,223.7264,329.4434,447.6582,360.794,350.1963,421.9467,524.6552,367.2654,507.3777,467.0171,449.4432,513.8401,444.5672,312.1033,469.752,309.5942,423.1762,549.2219,462.3514,455.3675,548.8157,634.9335,475.2059,622.8522
03/08/2022 05:50:00,0,0,0,0,0,1.467392,0.827401,1.218512,1.384682,0.6192335,0.9716794,1.325757,0.9027817,1.580234,1.43064,0.9179158,1.415274,1.009194,1.30916,1.274196,0.964174,0.5608454,0.80412,0.9429384,0.4176435,0.6380575,0.8965841,0.6168889,1.054554,1.033501,0.6696705,0.9843037,0.7067037,0.9158759,0.9033748,0.1280422,0.1084795,0.1745079,0.1647267,0.1475199,0.1222273,0.1656942,0.1861085,0.1317844,0.1665961,0.1543974,0.1640527,0.1413109,0.1872492,0.1753581,0.4109621,0.2328649,0.3414908,0.3899952,0.1741388,0.2721048,0.3729858,0.2544085,0.4436423,0.4068723,0.2614897,0.3999741,0.2855309,0.3703415,0.3612444,0.6550124,0.6744151,0.6489463,0.6786761,0.678302,0.6548572,0.6725929,0.6787099,0.6681923,0.7270747,0.731907,0.6951541,0.7066591,0.6991065,0.7082044,4.143236,3.130697,4.754517,3.842666,4.646369,2.428433,5.413341,3.673609,3.870432,3.98722,3.387567,4.379344,3.525166,3.424792,3.910461,2.856355,2.65396,4.28512,2.611595,2.935614,2.64424,3.916248,2.162113,3.093995,2.02203,1.939948,3.17117,2.050277,3.229407,2.006004,997,51,556,781,33,117,957,351,819,930,120,880,40,85,389,1056,45,661,975,38,119,760,539,884,959,67,884,17,92,406,366.2155,360.5745,418.9289,353.6719,231.1978,360.3784,232.8927,343.1743,452.637,370.3597,358.6054,433.576,528.2128,371.0371,510.9156,472.3023,449.9819,521.903,450.5875,321.8352,480.1146,322.1561,439.9975,555.4459,475.2202,465.963,563.8586,639.4033,480.6014,627.4069
03/08/2022 06:50:00,0,0,0,0,0,0.957498,1.256178,1.134474,0.6968561,0.3562647,1.482856,0.5534725,0.9745097,1.407247,0.8405204,1.420133,1.236251,1.581891,1.8137,1.054038,0.5926501,0.836195,0.7602186,0.4657154,0.2201696,0.98306,0.3797521,0.623809,0.9391644,0.6149918,1.007119,0.8865893,1.11773,1.34664,0.7796427,0.1152032,0.09429785,0.1688669,0.1422954,0.09519982,0.09852823,0.133387,0.1449334,0.1417143,0.1279923,0.1276401,0.1205112,0.1302727,0.1891377,0.1547457,0.2657382,0.3525257,0.3187057,0.1956834,0.0988528,0.415872,0.1560744,0.2718285,0.3950805,0.2395603,0.4026369,0.351158,0.4482266,0.5182307,0.3009749,0.6131952,0.6606243,0.6623833,0.6614095,0.6160945,0.6613719,0.6885237,0.6386221,0.667125,0.7372251,0.7084683,0.7144197,0.7077574,0.7444617,0.7464048,4.143236,3.130697,4.754517,3.842666,4.646369,2.428433,5.413341,3.673609,3.870432,3.98722,3.387567,4.379344,3.525166,3.424792,3.910461,3.018983,2.769404,4.360995,2.640744,2.952055,2.64523,3.934268,2.162113,3.206296,2.024376,1.94003,3.190675,2.052779,3.275036,2.033765,406,809,541,36,54,989,14,83,982,14,700,367,1020,963,653,432,655,585,47,0,1050,4,118,934,27,742,299,1163,1087,727,378.4566,366.2376,430.1093,361.2473,231.2005,364.0292,235.8129,344.0068,470.9883,374.1928,362.4762,436.6223,539.8383,376.7569,524.0283,488.1294,457.4915,536.3359,460.053,321.9512,485.5624,326.4976,441.4258,577.2618,480.5409,470.8579,568.3857,652.6236,488.4833,643.1117
03/08/2022 07:50:00,0,0,0,0,0,1.514844,1.42984,1.46904,1.295469,1.269718,1.017831,1.111724,1.419189,1.507807,1.411685,1.522875,1.574674,1.318874,1.610376,1.238643,0.9913072,0.9803109,1.015961,0.9007831,0.890947,0.6937964,0.7422694,0.9750293,1.016464,1.034511,1.082848,1.135522,0.9500969,1.20608,0.9002519,0.08362631,0.09834952,0.140818,0.145348,0.07903256,0.09539469,0.1115765,0.1425499,0.1596775,0.117189,0.1417379,0.1312525,0.1170313,0.2091144,0.1356267,0.4239831,0.4031533,0.4147885,0.3661026,0.3593608,0.2867166,0.3121354,0.4002844,0.4239886,0.4024571,0.4319569,0.4477007,0.3749094,0.4608249,0.3526302,0.6406554,0.6752636,0.6801362,0.6932817,0.7061406,0.6935578,0.6732067,0.6862503,0.6716536,0.7332155,0.7254345,0.7215004,0.7329788,0.7543483,0.7464213,4.143236,3.130697,4.754517,3.842666,4.646369,2.428433,5.413341,3.673609,3.870432,3.98722,3.387567,4.379344,3.525166,3.424792,3.910461,3.033539,2.81889,4.393412,2.729906,3.057935,2.75801,3.962921,2.171592,3.356269,2.026756,1.998417,3.357292,2.200438,3.471201,2.064643,1100,843,1231,825,804,544,666,1294,999,1402,1576,1332,930,1164,642,1097,1108,1198,913,724,1518,740,1582,1176,1388,1498,1375,1177,1298,757,384.4951,373.919,435.7111,364.2639,233.3743,379.3884,238.3484,353.799,483.9896,381.2288,380.8584,447.8948,553.0991,392.6573,529.9272,495.6505,467.502,543.6905,464.1186,324.9757,505.4373,329.7451,453.553,592.8596,489.263,492.7505,582.943,668.3445,508.5503,650.5057
03/08/2022 08:50:00,0,0,0,0,0,1.130174,0.6679596,1.161599,1.136457,1.242922,0.2038772,0.9911921,1.06671,1.315962,0.983395,1.15922,1.029201,0.9667858,1.467875,1.215323,0.7148918,0.4413298,0.7539728,0.734166,0.8297888,0.1768966,0.6275584,0.7015723,0.8438612,0.7035552,0.7861413,0.7146169,0.6633687,0.9948234,0.8431975,0.07652318,0.08934188,0.1359194,0.1760377,0.1208629,0.07972858,0.1231584,0.1500283,0.1861522,0.1115016,0.1645029,0.1382156,0.1313734,0.1898391,0.130115,0.3146811,0.1872324,0.3247052,0.3174458,0.348966,0.05994765,0.2760221,0.2987907,0.367171,0.2792215,0.3262776,0.2907868,0.2726273,0.4131101,0.34333,0.631937,0.6603073,0.6464632,0.6465827,0.6659763,0.1426825,0.6316597,0.6567293,0.6395825,0.7150089,0.6767189,0.6939586,0.6873253,0.6783338,0.6933384,4.143236,3.130697,4.754517,3.842666,4.646369,2.428433,5.413341,3.673609,3.870432,3.98722,3.387567,4.379344,3.525166,3.424792,3.910461,3.040529,2.857012,4.406105,2.813417,3.287499,2.949634,4.052962,2.182559,3.506042,2.031974,2.060312,3.55485,2.31995,3.570571,2.088637,485,64,182,149,435,18,237,264,525,182,152,108,180,62,61,574,37,207,209,798,405,159,250,698,166,188,148,412,139,81,396.4428,382.3018,446.2553,371.6945,244.7479,394.889,245.1802,367.6273,499.692,392.6573,392.6858,456.33,563.5589,400.3764,536.7222,511.8955,478.4573,557.1185,474.3156,340.2167,523.774,338.9422,470.8156,612.0429,504.0883,507.7844,594.1454,682.2179,518.5079,658.9185
03/08/2022 09:50:00,0,0,0,0,0,1.077945,0.5689309,1.132866,1.13385,1.073319,0.06517819,1.047469,1.037397,1.156606,1.219495,1.069886,1.047097,1.085172,1.680716,1.205338,0.6741029,0.3718717,0.7287837,0.7484237,0.7102495,0.08145081,0.6668172,0.6812891,0.7572687,0.8779693,0.7495175,0.7308591,0.7507042,1.19579,0.8557549,0.06629965,0.07351112,0.1300399,0.1601589,0.1047521,0.04699754,0.09624211,0.1382115,0.1553819,0.1027322,0.1492301,0.123174,0.1199431,0.1873435,0.135862,0.2996244,0.1592068,0.3162395,0.3177755,0.3009292,0.02081711,0.2919345,0.2905132,0.3237435,0.3466239,0.3027231,0.2960965,0.3064164,0.4767746,0.3418021,0.6246766,0.6517028,0.6433227,0.6586626,0.6618196,3.465587,0.632559,0.6567086,0.6550198,0.712124,0.6982938,0.6984407,0.6907721,0.7115355,0.7090767,4.143236,3.130697,4.754517,3.842666,4.646369,2.428433,5.415737,3.673609,3.870432,4.021302,3.387567,4.379344,3.525166,3.424792,3.910461,3.040529,2.857012,4.406105,2.813417,3.309416,2.949966,4.052962,2.182559,3.506042,2.031974,2.060312,3.55485,2.31995,3.570571,2.088637,165,44,48,74,43,132,131,98,33,190,316,68,33,552,142,43,82,41,97,64,76,110,52,54,304,315,78,118,995,245,396.857,383.0047,447.1952,373.9272,247.1124,397.408,245.2533,368.4265,500.887,392.8976,393.5914,456.4267,563.9129,403.6074,538.3425,513.0411,479.4485,558.5072,476.9916,343.8217,526.6777,339.5257,472.0928,614.0489,504.6952,509.4052,594.7025,682.9023,523.3301,661.4037
03/08/2022 10:50:00,0,0,0,0,0,1.351985,0.3572835,1.414263,1.377066,1.632149,1.285985,1.729772,1.52606,1.619308,1.440012,1.05996,1.63183,1.056518,1.433725,1.460877,0.8953831,0.2355693,1.002615,1.025798,1.273998,1.062647,1.451816,1.220312,1.201249,1.289551,0.7689382,1.276513,0.7626646,1.110042,1.111759,0.07334591,0.06416512,0.1474022,0.1706837,0.1245016,0.07652006,0.1270175,0.1487525,0.1489709,0.1247981,0.1432394,0.144714,0.1197698,0.210105,0.1431089,0.379108,0.1001156,0.4009502,0.3936929,0.4704804,0.3746013,0.5053645,0.4418322,0.4626166,0.4260798,0.3016648,0.470572,0.3004346,0.412681,0.4192154,0.6510035,0.6675939,0.704559,0.7381744,0.7653359,0.6457093,0.8413044,0.7898232,0.7292308,0.898303,0.7254574,0.7721034,0.7216998,0.7778237,0.7589952,4.234661,3.130697,4.947402,4.102928,4.938505,2.83169,5.943376,3.905005,4.109344,4.572563,3.387567,4.594646,3.525166,3.572235,4.090318,3.080811,2.857012,4.406105,2.832269,3.530438,3.186672,4.64109,2.212724,3.53776,2.031974,2.060312,3.748352,2.31995,3.570571,2.094737,229,4,433,315,287,609,643,1066,597,656,35,729,33,537,239,390,2,592,398,516,798,869,1026,785,742,26,976,51,798,421,399.1158,383.8091,449.0954,376.0255,250.1253,402.1684,248.164,371.9544,503.451,399.2025,395.0032,458.0467,564.4039,414.9436,539.1732,516.1554,480.4268,561.4799,479.9761,347.7109,532.5958,343.7132,476.8513,617.3347,513.4549,511.5567,597.5793,683.8312,537.7648,662.8707
03/08/2022 11:50:00,0,0,0,0,0,1.438895,1.095079,1.102586,1.144991,1.435903,1.490584,1.359982,1.277625,1.362142,1.132937,1.62172,1.296633,1.537283,1.474667,1.216103,1.125245,0.7632096,0.8504926,0.8889003,1.230023,1.266284,1.172466,1.097463,1.110739,1.043558,1.28352,1.144911,1.167642,1.194294,1.028908,0.1392384,0.1023276,0.1810455,0.204869,0.196017,0.1583202,0.1662547,0.1961242,0.184023,0.1589246,0.1836383,0.2036529,0.166447,0.2225501,0.1784456,0.4149123,0.309589,0.3171563,0.3297321,0.4211579,0.436494,0.3993861,0.3749349,0.3958008,0.3371449,0.4686462,0.3825781,0.4409907,0.4279531,0.3558381,0.7821639,0.7106263,0.771083,0.7747962,0.8550373,0.8491963,0.8610146,0.8597998,0.8149728,0.9211422,0.7781939,0.8863986,0.7534916,0.8083615,0.8470855,4.835432,3.164776,5.12008,4.378223,5.561478,3.938968,6.442439,4.236341,4.527735,4.674685,3.652193,4.860316,3.672,3.723185,4.392864,3.523866,2.857543,4.407067,2.878085,4.237157,3.984858,5.390393,2.341498,3.588982,2.031974,2.191351,4.28717,2.342016,3.570571,2.281258,887,127,97,91,833,667,207,223,362,70,535,97,168,515,159,1043,231,51,90,842,707,270,229,451,137,767,126,453,620,181,406.603,383.9943,451.6903,378.0924,259.8913,412.429,257.8682,382.1736,511.996,401.3191,396.2579,463.9094,565.3029,420.4457,542.0184,527.1052,481.0023,565.1682,483.087,360.7854,546.2075,355.5706,489.72,628.5063,516.5933,514.005,605.9425,685.4284,544.6997,667.5303
03/08/2022 12:50:00,0,0,0,0,0,1.26043,1.547066,1.398932,1.291114,1.258531,1.500979,1.062564,1.38034,1.291903,1.040833,1.40167,1.279324,1.503967,1.22176,1.497741,1.011084,1.24083,1.176258,1.069378,1.113436,1.312484,0.9552384,1.218204,1.075057,0.9613506,1.228086,1.174844,1.294224,1.02492,1.307574,0.1528139,0.1395068,0.1900545,0.2128032,0.1849237,0.1723154,0.1394248,0.1837733,0.1608905,0.1582259,0.2271085,0.1906954,0.2047994,0.2120508,0.1957247,0.3651369,0.4481606,0.408848,0.3762608,0.3714798,0.4420178,0.3146434,0.4072353,0.3768241,0.3099106,0.4129345,0.3804717,0.4415128,0.356911,0.4409263,0.8022006,0.8017542,0.8357411,0.8259519,0.8839187,0.8734997,0.8999522,0.8821809,0.83197,0.9234989,0.8786321,0.9181355,0.8630542,0.8397282,0.8735605,4.876327,3.649456,5.530959,4.472185,5.612381,3.943094,6.448217,4.313016,4.527735,4.674685,4.116634,4.910197,4.275252,3.866202,4.689807,3.605225,3.283897,4.782692,2.878085,4.248198,4.329574,5.40484,2.341498,3.588982,2.031974,2.650103,4.310892,2.606505,3.570571,2.594465,140,745,468,348,92,389,17,623,114,48,489,224,791,53,610,262,854,641,330,122,505,16,641,153,57,646,314,1067,42,741,408.4475,388.419,454.0891,378.3409,261.1793,413.9221,258.032,383.287,512.533,401.6941,404.8029,464.1346,574.7507,423.9484,544.5268,530.3354,487.8062,569.0403,483.8904,363.1155,549.2253,355.9205,491.6145,629.6021,517.5108,525.91,606.8071,697.6592,549.3597,671.7801
03/08/2022 13:50:00,0,0,0,0,0,1.495513,1.043686,1.128353,1.300431,1.423846,1.449399,1.545424,1.315745,1.472085,1.688348,1.244833,1.300119,1.162552,1.198091,1.229885,1.233184,0.8896874,0.9728839,1.114192,1.289364,1.268793,1.405424,1.196731,1.26418,1.579586,1.195347,1.193689,1.044912,0.9628911,1.08407,0.1631498,0.1107649,0.154157,0.2234,0.1620617,0.1676508,0.1603836,0.1794217,0.1303779,0.1629801,0.180335,0.177785,0.1740136,0.1649453,0.1730329,0.435463,0.3058297,0.331371,0.3814378,0.4222449,0.4269221,0.4586948,0.3905361,0.4319803,0.504048,0.3736763,0.3866394,0.3442373,0.3471979,0.3627576,0.8223212,0.8523899,0.861483,0.8571067,0.9057791,0.8740928,0.9082893,0.9110395,0.8509822,0.9386846,0.9618359,0.9173124,0.8991521,0.8037629,0.8806307,5.31556,3.756788,5.651314,4.975849,5.955164,3.99562,6.951725,4.650455,4.683955,5.283985,4.123504,5.257889,4.298725,3.866202,4.891304,3.810849,3.491758,4.946756,2.942677,4.248198,4.542987,5.40484,2.341498,3.617704,2.081658,2.654156,4.522854,2.606505,3.570571,2.755957,901,54,76,375,542,261,604,353,586,1086,90,321,100,132,199,1116,98,102,627,730,302,631,413,766,1434,125,359,122,155,222,415.4905,391.3661,455.6631,383.6105,266.0599,417.2906,261.1837,391.9109,514.7689,406.9831,405.7271,468.2036,576.8026,424.4287,547.0177,540.6868,492.4056,571.5641,491.4102,369.9975,555.026,360.2224,502.6496,632.6961,524.6707,527.4832,612.6122,701.201,550.4636,676.1339
03/08/2022 14:50:00,0,0,0,0,0,1.172515,1.279478,1.320469,1.236261,1.239485,1.495391,1.033251,1.2749,1.224153,1.265953,1.23878,1.337043,1.566709,1.552685,1.425518,0.9601658,1.099886,1.165031,1.088466,1.12992,1.326356,0.9321041,1.149064,1.038941,1.168548,1.173015,1.267102,1.428858,1.302301,1.289238,0.1344322,0.1076395,0.1485326,0.1938596,0.1305523,0.1462536,0.1447223,0.1494462,0.1399698,0.1664416,0.1589118,0.1481351,0.1565768,0.1553593,0.1716275,0.3409694,0.3755338,0.3895495,0.364557,0.36807,0.4416172,0.3061769,0.3777147,0.3584072,0.3768922,0.3707631,0.4002421,0.4652832,0.4535685,0.4226319,0.8194241,0.8565654,0.8793237,0.8785384,0.9106079,0.8848162,0.9030309,0.8998106,0.8477896,0.9218929,0.9476149,0.9476602,0.911023,0.8375285,0.9067269,5.374332,4.101326,5.986778,4.980142,5.971762,4.058946,7.173414,4.675698,4.950108,5.904158,4.271602,5.297531,4.841811,3.952126,5.107232,3.845023,3.640577,5.207073,2.957275,4.248198,4.629279,5.40484,2.341498,3.676905,2.12145,2.654156,4.545823,2.643579,3.741868,2.821949,92,304,252,194,86,198,69,314,88,169,203,231,566,884,404,72,296,403,299,140,264,3,371,96,97,316,350,817,819,462,417.8493,393.3786,457.3524,385.913,266.8821,418.0464,263.8878,392.5477,519.4702,415.9751,407.0562,468.6421,579.3368,427.1389,550.0696,544.2686,495.6755,574.8703,494.931,371.9728,557.2045,364.3988,503.9901,639.4123,536.5212,529.9101,613.6612,704.9459,554.8682,681.0111
03/08/2022 15:50:00,0,0,0,0,0,1.334006,1.023683,1.257775,1.193941,1.663213,1.633284,1.083001,1.27047,1.513025,1.149237,1.496573,1.196165,1.217994,1.215339,1.298048,1.148844,0.9318634,1.145105,1.116939,1.546414,1.513881,1.031733,1.16924,1.357417,1.134101,1.426588,1.163416,1.114531,1.059598,1.206863,0.02806238,-0.01338903,0.02110092,0.06418839,0.05737703,0.03617056,0.03414702,0.07718316,0.04695223,0.04468637,0.04723104,0.03419215,0.03121897,0.03003299,0.05240593,0.3916764,0.3038985,0.3734027,0.3564394,0.4959034,0.4866675,0.3245522,0.3780062,0.4478482,0.3470076,0.4485481,0.3600495,0.361967,0.3576939,0.3870237,0.8584816,0.9099826,0.9089376,0.9333064,0.9310785,0.9250799,0.9534304,0.9223951,0.8957903,0.9900358,0.9559749,0.9777964,0.9151782,0.8724846,0.9284807,5.49069,4.136143,6.054525,4.980142,6.351518,4.194933,7.178514,4.794935,5.076182,5.904158,4.590491,5.422524,5.184793,4.027851,5.205023,3.952262,3.649046,5.248886,2.957275,4.382883,4.703547,5.406147,2.341498,3.676905,2.12145,2.773103,4.666535,2.727833,3.901108,2.83711,499,22,242,129,843,698,264,377,435,204,397,105,42,50,247,653,38,358,169,1004,884,116,379,615,295,499,157,97,26,375,418.8821,393.8164,457.5604,386.7899,272.6552,420.636,264.2383,396.4584,520.7642,416.607,409.5041,469.7424,584.3649,431.1808,550.9553,546.8534,496.4825,575.9003,496.6502,379.9573,561.9119,365.0964,510.3519,642.0172,538.0723,534.3993,616.2981,711.9335,561.131,682.6891
03/08/2022 16:50:00,0,0,0,0,0,1.131729,1.341387,1.377112,1.052155,1.195306,1.298892,1.064893,1.502829,1.156133,1.123894,1.15434,1.395111,1.486693,1.312849,1.318574,0.965985,1.212731,1.258604,1.002108,1.107171,1.173155,0.9918689,1.383016,1.01658,1.099025,1.128083,1.335302,1.406535,1.174373,1.229599,0.01832005,-0.0002048324,0.04689372,0.0506389,0.06671098,0.04367517,0.03873399,0.0855515,0.05001089,0.04016202,0.04047478,0.04457184,0.03088135,0.02278412,0.07596085,0.3317113,0.3976612,0.4091528,0.3152924,0.3561139,0.3849866,0.3176251,0.447136,0.3408394,0.3386874,0.3478147,0.4184986,0.4448812,0.3883677,0.3933862,0.852777,0.9033489,0.9158162,0.9518216,0.9255371,0.9009962,0.9304305,0.9199358,0.8798321,0.9783532,0.9764599,0.9599388,0.9512084,0.8953594,0.932147,5.614521,4.272872,6.557155,4.980142,6.575215,4.270889,7.2029,5.044724,5.183481,5.904158,4.666815,5.734698,5.459485,4.084228,5.439151,3.995044,3.746715,5.248886,2.957275,4.469882,4.782556,5.411895,2.412659,3.676905,2.12145,2.811992,4.785625,2.762908,3.901108,3.019966,43,427,437,82,79,134,215,718,33,18,44,208,599,317,254,60,504,584,72,32,108,109,784,40,84,84,297,761,253,397,420.4392,394.7174,461.9543,386.9913,276.9821,424.046,265.7422,399.4836,522.9097,417.3206,410.5227,470.6068,585.9961,431.8516,554.3547,549.8693,498.2335,582.7224,497.4034,385.9767,567.4628,367.4572,515.3644,645.4747,539.567,536.2052,618.5447,714.6112,562.6714,688.3365
03/08/2022 17:50:00,0,0,0,0,0,1.38513,1.058212,1.231838,1.42739,1.34513,1.654076,1.650214,1.2079,1.37403,1.28435,1.446619,1.438179,1.342976,1.251103,1.425021,1.221338,0.9673359,1.136334,1.332237,1.273639,1.536675,1.530618,1.143715,1.245319,1.253054,1.403966,1.402926,1.26938,1.156632,1.355003,0.06134269,0.04556101,0.0720922,0.08492543,0.09011673,0.07484721,0.09925131,0.1053377,0.07621942,0.07353162,0.08417908,0.07739879,0.07194893,0.05383138,0.09811118,0.4085759,0.3144173,0.3666876,0.4259278,0.402588,0.4930965,0.4917814,0.361517,0.4075426,0.38685,0.4352348,0.43317,0.4017963,0.37259,0.4268784,0.880411,0.9144263,0.9214533,0.9344221,0.9448006,0.9296169,0.92796,0.94547,0.9052024,0.9753668,0.9735759,0.9798617,0.9449072,0.9264469,0.9498116,6.090769,4.505216,6.613055,5.212377,6.575215,4.417202,7.752676,5.145565,5.363857,5.904158,4.725463,5.932253,5.777297,4.140387,5.54848,4.109705,3.846007,5.248886,2.959656,4.549306,5.041283,5.698681,2.479898,3.780931,2.12145,2.818814,4.960907,2.762908,3.901108,3.048477,686,49,136,310,203,451,768,218,98,392,536,301,136,275,415,699,71,159,410,174,723,835,224,267,518,481,471,157,169,520,421.6751,396.2235,462.8393,388.0366,277.088,425.4564,269.7637,401.6781,523.5598,420.2064,411.0992,471.7747,588.9016,432.7157,555.1501,552.9167,501.198,584.6611,499.4261,386.9432,570.0478,373.3513,519.324,646.8444,543.8995,538.1747,620.9865,719.8236,564.6824,689.9832
03/08/2022 18:50:00,0,0,0,0,0,1.214085,1.428056,1.324178,1.189555,1.44192,1.600139,1.055782,1.523761,1.48894,1.455922,1.35797,1.267302,1.410885,1.435046,1.476813,1.059619,1.305172,1.206592,1.097766,1.34572,1.4185,0.9504914,1.364865,1.356637,1.421059,1.319778,1.241017,1.344983,1.283039,1.39549,0.07443218,0.05363433,0.08304875,0.08737152,0.08510435,0.08922821,0.1301878,0.1285456,0.07472998,0.0766594,0.09441219,0.07982374,0.07018504,0.05693728,0.1212719,0.3573988,0.4242894,0.3931847,0.3541298,0.4302584,0.4725005,0.3127249,0.4508811,0.4421011,0.4385688,0.4086861,0.3820201,0.422871,0.4244734,0.4418119,0.8725736,0.912787,0.9127424,0.9225364,0.9355264,0.8861091,0.9007523,0.8938302,0.9099099,0.9779236,0.9743899,0.9794958,0.9519489,0.890851,0.9439204,6.281674,4.886318,6.8595,5.357767,6.632532,4.905195,8.058001,5.392364,5.465078,6.055445,4.949936,6.100733,5.846189,4.305931,5.956931,4.256809,3.900223,5.248886,2.961487,4.591554,5.377706,6.027546,2.479898,3.834265,2.12145,2.905896,5.016452,2.762908,3.901108,3.311365,68,604,319,117,406,338,0,699,233,468,225,152,327,464,615,69,706,381,94,405,417,1,692,542,506,285,151,506,456,782,422.9337,397.0444,464.2329,388.8556,277.6602,432.6192,275.671,406.6332,524.6049,421.984,413.1945,473.0554,589.3421,434.5054,560.8676,555.5959,503.1563,587.3816,501.3932,388.4851,580.6451,381.0175,526.7282,648.9225,547.6423,542.2357,623.6861,721.1589,568.0628,699.3813
03/08/2022 19:50:00,0,0,0,0,0,1.434518,1.256364,1.342955,1.440403,1.449036,1.663216,1.150076,1.512766,1.632328,1.472782,1.315229,1.511736,1.349983,1.372775,1.44047,1.245857,1.148204,1.199515,1.324958,1.33772,1.529837,1.075988,1.397916,1.484312,1.458046,1.310262,1.478116,1.293206,1.261814,1.374841,0.07423075,0.0531665,0.07544477,0.08666841,0.08194955,0.07339271,0.09046151,0.1145182,0.09105544,0.0820402,0.0841404,0.08836512,0.08088044,0.05107756,0.09806604,0.4218813,0.3732746,0.3971548,0.4285219,0.4314103,0.4948039,0.3433496,0.4504742,0.4844792,0.4450101,0.3979481,0.4555529,0.4050341,0.4083404,0.431848,0.8684707,0.9117022,0.8929421,0.9197064,0.9213651,0.9182968,0.9362453,0.9239523,0.9086399,0.9931459,0.9973702,0.9779261,0.9589101,0.9189141,0.955198,6.330415,5.25863,6.955822,5.503349,6.880589,5.11527,8.058001,5.509518,5.686028,6.26811,5.115694,6.32575,6.062698,4.496219,5.986537,4.305871,4.053002,5.312012,3.067594,4.591554,5.377894,6.027546,2.479898,3.902645,2.12145,2.905896,5.016452,2.762908,3.901108,3.343361,418,205,183,372,239,366,7,534,246,514,305,303,162,170,217,530,164,247,378,301,572,3,637,482,508,281,367,213,154,294,423.2677,401.2737,465.0518,390.5012,280.3366,433.6175,275.671,410.0194,526.8176,424.679,413.9919,474.1456,592.0369,437.0998,562.1196,557.5671,509.4835,589.4451,504.4555,393.0342,582.6754,381.0413,531.8333,652.9264,552.3422,544.3295,626.4888,725.5807,572.0563,702.1685
03/08/2022 20:50:00,0,0,0,0,0,1.710332,1.637373,1.533218,1.648702,1.685655,2.021052,1.382896,1.803521,1.935981,1.741224,1.893148,1.791981,1.805304,1.749179,1.705849,1.469908,1.47956,1.39626,1.509572,1.569839,1.834224,1.301975,1.653782,1.724697,1.700996,1.834774,1.758644,1.741747,1.671069,1.637699,0.09177131,0.05665844,0.08315523,0.09724488,0.09960991,0.1081131,0.09824327,0.1386267,0.1123767,0.09865628,0.1064726,0.0996027,0.09530504,0.07632214,0.1106338,0.5019681,0.4853568,0.4552005,0.4900272,0.5027645,0.5996171,0.4133987,0.5362056,0.572233,0.5246078,0.5694094,0.5404355,0.5424646,0.5245031,0.5120427,0.8607976,0.9045476,0.9102939,0.9150724,0.9317711,0.9076205,0.9403167,0.9190367,0.89179,0.9789813,0.9695303,0.9823301,0.9671064,0.9568679,0.961383,6.533695,5.445296,7.234474,5.732983,7.235931,5.847685,8.553858,5.80691,5.869969,6.569425,5.304127,6.496972,6.138046,4.914439,5.994116,4.306386,4.336538,5.392765,3.091657,4.602564,5.589673,6.061017,2.480645,3.904041,2.12202,2.975196,5.102036,2.763124,4.132482,3.343361,641,595,513,795,390,2196,585,878,731,1084,915,991,555,958,1006,848,733,669,983,454,2321,586,1038,1115,1200,1197,990,867,1041,1238,426.0517,403.5989,467.6023,394.1442,282.2888,451.7805,278.8118,417.4453,535.4568,433.8632,419.5648,479.2708,595.2114,443.1903,566.649,562.874,513.5766,593.858,510.6571,396.6684,604.9532,385.4749,542.3277,664.1751,564.5747,553.0212,634.1238,730.6353,580.3178,709.0818
03/08/2022 21:50:00,0,0,0,0,0,1.597455,1.4719,1.357288,1.495098,1.527091,1.76626,1.839875,1.878705,1.834102,1.70672,1.627987,1.526529,1.571556,1.408927,1.762574,1.369064,1.321656,1.223027,1.361071,1.407551,1.570374,1.681214,1.731208,1.640438,1.645396,1.568716,1.479859,1.483399,1.354561,1.671911,0.1632711,0.1178948,0.1435072,0.1564941,0.165538,0.190875,0.2002684,0.2275575,0.17654,0.163037,0.1758201,0.1659444,0.180883,0.1620575,0.2168484,0.4685852,0.4357506,0.4021045,0.4438514,0.454501,0.5218598,0.5466222,0.5591214,0.5425513,0.5127596,0.4890539,0.4591665,0.4700485,0.4230435,0.5277263,0.8564912,0.8971541,0.9019382,0.9065996,0.9215614,0.8870027,0.9151657,0.9216214,0.8946987,0.9657974,0.9647482,0.9713802,0.9469701,0.9613171,0.9503435,6.785126,5.59729,7.518544,6.281763,7.612968,5.861575,8.837506,6.238291,6.176559,6.968197,5.562804,6.686753,6.491509,5.267228,6.054588,4.370334,4.894949,5.533795,3.091657,4.683365,5.638861,6.347415,2.511783,4.061061,2.184377,3.156377,5.221163,2.851122,4.348673,3.438995,520,425,794,236,346,758,1288,1770,541,1175,749,551,764,492,2284,769,605,802,333,394,924,1155,1892,978,1325,806,653,913,452,2268,435.0283,409.2927,476.3663,400.7932,286.7209,472.5739,286.939,442.4018,552.0984,452.8164,433.506,486.1269,606.1889,452.9013,589.553,575.2115,522.0135,605.9877,519.7169,403.2122,630.2664,396.8521,571.2405,683.5623,587.8331,570.5438,643.9832,745.5232,593.5618,737.1165
03/08/2022 22:50:00,0,0,0,0,0,1.775556,1.524337,1.49239,1.300985,1.821734,1.773566,1.744791,1.581389,1.92413,1.525801,1.737988,1.551316,1.7878,1.479547,1.742184,1.55161,1.380837,1.369075,1.213082,1.67765,1.623715,1.606549,1.45415,1.739922,1.522394,1.668056,1.518057,1.703377,1.447165,1.663951,0.1357648,0.09277761,0.1105312,0.108292,0.147927,0.1434002,0.2022051,0.2165118,0.1520715,0.1347669,0.1504479,0.1480254,0.1489611,0.1339877,0.205745,0.5228128,0.452077,0.4437422,0.388131,0.542096,0.5271271,0.5191839,0.4704326,0.5704411,0.461817,0.5216569,0.4675626,0.5357793,0.4458876,0.5223767,0.8730158,0.9056578,0.9171495,0.9339178,0.9206633,0.9150308,0.919839,0.9200968,0.9041377,1.003104,0.9624283,0.9814128,0.9557753,0.9812779,0.9564786,7.122556,5.868838,7.714862,6.323949,8.038308,5.920661,9.328611,6.417414,6.45529,7.095431,5.814113,7.069709,6.745955,5.348643,6.057652,4.440571,5.257957,5.546254,3.091657,4.719852,5.639759,6.681846,2.52827,4.177137,2.255958,3.231916,5.52987,2.901061,4.361376,3.48267,967,704,739,304,1294,721,1808,1245,661,752,1116,517,1189,784,2738,1035,982,698,332,1481,823,1824,1229,1158,760,1026,574,1436,726,2337,445.5189,421.6913,479.6281,403.2056,294.0916,482.3821,306.0212,468.1241,568.7461,458.1546,445.1428,495.3783,616.9686,456.2543,619.3313,588.6951,537.4968,611.3257,523.5929,413.3551,643.5575,420.416,601.8945,702.3134,596.1166,585.6726,656.4037,758.7106,599.1846,773.0107
03/08/2022 23:50:00,0,0,0,0,0,1.763583,1.503552,1.33823,1.551947,1.549593,1.850861,1.244863,1.61717,1.840309,1.851472,1.672788,1.621645,1.736724,1.464765,1.590796,1.526923,1.388818,1.233412,1.433726,1.438736,1.691917,1.151741,1.50683,1.654367,1.795859,1.644724,1.608155,1.625999,1.41386,1.481734,0.1919456,0.1112705,0.1291718,0.1321198,0.1751412,0.1525262,0.1905149,0.2036558,0.1702112,0.204752,0.1669905,0.1580885,0.1989016,0.1534731,0.2114839,0.5183435,0.4476919,0.3982871,0.4621154,0.4618912,0.5499303,0.3707898,0.4823894,0.5449433,0.5569722,0.5046914,0.4901714,0.5185669,0.4401821,0.4744875,0.8648818,0.9209674,0.9231279,0.9256495,0.9287983,0.9142887,0.9259675,0.9330902,0.9000288,0.9704803,0.9888982,0.992174,0.9409586,0.9681458,0.9327254,7.886428,5.966625,7.865747,6.41258,8.962092,6.051957,9.393834,6.734661,6.731741,7.651194,6.029566,7.178524,7.178535,5.412923,6.058715,4.751142,5.395178,5.546352,3.109108,4.793112,5.72887,6.719681,2.536788,4.267425,2.278267,3.300402,5.581333,2.901061,4.363905,3.48267,1380,340,466,624,929,810,305,1208,766,1645,980,914,1748,402,414,1644,655,480,727,1006,937,223,1041,1184,1773,943,892,1946,480,447,460.3975,425.8829,482.1511,404.7493,309.9452,487.3059,318.4106,473.8342,586.4173,476.9549,452.9456,499.1482,641.2363,457.9733,632.4977,608.0423,543.6431,615.7523,526.8276,434.6138,650.9243,436.8684,610.3901,722.5237,618.8567,596.1547,662.2266,788.3631,603.1501,790.8749
03/09/2022 00:50:00,0,0,0,0,0,1.342917,1.73928,1.417825,1.599334,1.624654,1.997587,1.189318,1.713753,1.678238,1.624147,1.904695,1.796204,1.305917,1.781832,1.622926,1.162462,1.569259,1.311497,1.472808,1.523665,1.832343,1.14062,1.54284,1.493978,1.565748,1.806109,1.74955,1.280255,1.659622,1.566357,0.1496334,0.09829089,0.1164695,0.1554512,0.1664488,0.1591529,0.1400409,0.2110591,0.1856253,0.205526,0.2177015,0.2041462,0.1588297,0.1751659,0.1791384,0.3946871,0.5154063,0.4222898,0.475914,0.4852762,0.5939438,0.3569176,0.5076168,0.4959766,0.4879489,0.5702375,0.5408306,0.3937548,0.5314645,0.4877006,0.8659568,0.9033655,0.9254801,0.9213666,0.9378502,0.9166568,0.9597823,0.9000221,0.8893499,0.9627459,0.9494178,0.9744616,0.9808301,0.9370599,0.9682277,7.999341,6.380291,8.223276,6.787091,9.092091,6.22504,9.393834,7.046431,6.945684,8.148905,6.692115,7.504712,7.281672,5.875086,6.154109,4.83653,5.771901,5.747783,3.165842,4.795603,5.813434,6.719681,2.738798,4.508127,2.385413,3.428815,5.883297,2.901061,4.403352,3.48366,317,1272,428,1279,1165,1801,230,1877,920,995,1766,1708,100,1330,965,368,1602,474,1334,1269,1804,129,1871,1379,1069,1903,1945,95,1486,1065,470.071,435.9796,489.1396,417.687,319.817,507.0485,318.5096,498.4128,603.3729,499.3856,476.6297,518.9613,647.8583,467.6402,635.4098,620.4733,556.9554,625.3752,544.0524,448.2006,675.4415,437.4891,639.7283,743.4072,645.9063,624.2764,686.5486,798.0236,616.5851,795.5854
03/09/2022 01:50:00,0,0,0,0,0,1.554594,1.674413,1.553773,1.646976,1.381931,2.14609,1.656857,1.630584,1.658786,1.730654,1.796202,1.330059,1.729969,1.448756,1.709517,1.382795,1.543743,1.464371,1.567999,1.33385,1.959319,1.588944,1.532659,1.516393,1.696617,1.745376,1.31452,1.666492,1.390919,1.61743,0.1235169,0.09601965,0.09728407,0.1184631,0.1221612,0.1557689,0.1363528,0.1727751,0.1459267,0.1666955,0.1772038,0.1565898,0.1273142,0.1394558,0.1763475,0.4593616,0.4983745,0.4645808,0.4934964,0.4152858,0.6374848,0.4972228,0.4872751,0.4928645,0.521818,0.5405531,0.4017373,0.5196568,0.4348742,0.5115651,0.8882543,0.9224704,0.9421018,0.9514938,0.9650599,0.9128113,0.958469,0.9400104,0.912902,0.9817715,0.97281,0.9923455,0.9652141,0.9603221,0.9465503,8.241043,6.744872,8.390117,6.965443,9.120801,6.357728,9.723287,7.088638,7.063685,8.240221,6.883152,7.546476,7.286261,6.029617,6.45961,4.83653,6.216466,5.747853,3.221173,4.796609,5.865788,6.893394,2.753832,4.555763,2.504989,3.492803,5.922393,2.953803,4.438294,3.596442,497,1288,835,1035,229,1597,1304,973,509,1220,2638,304,1512,492,1280,629,1635,885,965,224,1637,1249,929,857,1233,2613,210,1564,375,1271,474.8718,453.4261,493.5208,424.3322,324.2464,524.5793,324.9698,507.5826,608.7281,509.4041,508.6237,529.2927,654.5077,475.7511,654.4734,627.5072,579.6263,631.8844,554.4573,455.2301,697.3397,446.9287,652.6401,750.8625,659.5916,661.6968,701.2363,806.9313,628.6889,819.2151
03/09/2022 02:50:00,0,0,0,0,0,1.635819,1.44756,1.606735,1.705887,1.609423,1.893055,1.215483,1.658965,1.666705,1.363722,1.501643,1.772626,1.44689,1.487626,1.392027,1.490649,1.356089,1.503396,1.624596,1.583049,1.741049,1.148303,1.517125,1.508348,1.345743,1.447989,1.736437,1.410207,1.395845,1.322189,0.122002,0.1074441,0.1170168,0.1410301,0.134312,0.1793709,0.1492642,0.1879544,0.1653328,0.1510015,0.1651681,0.1509518,0.1339088,0.1271013,0.1523663,0.4857253,0.4322802,0.4796939,0.5111822,0.4856153,0.5631678,0.3636145,0.4929552,0.494203,0.4117691,0.4511671,0.5343851,0.4357128,0.4443922,0.4168991,0.9104814,0.9381423,0.93651,0.9527596,0.9843829,0.9213464,0.9458186,0.9160987,0.9032755,0.9867929,0.9652862,0.9820234,0.975927,0.9362819,0.9491112,8.477707,6.937384,8.670021,7.323977,9.1901,6.537439,9.946784,7.327668,7.33727,8.426642,6.883155,7.697652,7.2885,6.084956,6.503581,4.843509,6.399933,5.747853,3.602753,4.837803,5.986322,7.062502,2.758824,4.799201,2.619022,3.549767,6.085515,2.975433,4.438294,3.601022,588,745,1457,1651,799,1297,397,1383,630,396,562,1164,378,314,202,713,762,1419,1852,890,1677,207,1301,955,412,536,1446,476,401,268,478.3251,465.7241,503.869,436.1926,326.825,546.519,331.9431,526.7654,621.5252,519.6185,524.05,534.2971,665.5008,476.4702,658.701,632.8884,596.6702,646.0098,571.1685,459.655,724.3334,457.2539,676.7549,767.1471,673.0596,682.345,708.3942,822.1268,630.4443,825.6066
03/09/2022 03:50:00,0,0,0,0,0,1.869327,1.461254,1.424572,1.525225,1.67325,1.541926,1.533004,1.726777,1.418292,1.767766,1.478364,1.709052,1.7032,1.493813,1.588619,1.595521,1.393404,1.320936,1.402384,1.576068,1.401131,1.440836,1.62146,1.267429,1.694012,1.463104,1.646525,1.648735,1.432162,1.50367,0.1729205,0.1084438,0.1374159,0.1848451,0.1630621,0.1595239,0.1594968,0.194847,0.1548126,0.1575604,0.1596519,0.1728425,0.1554127,0.1612665,0.1752405,0.5478999,0.4379945,0.4245115,0.4537169,0.5002446,0.4575829,0.458108,0.5159138,0.4194758,0.5304205,0.4466654,0.5133859,0.5121488,0.4482653,0.4754283,0.8564078,0.9564707,0.9275353,0.9191603,0.942271,0.9095988,0.9416831,0.9397,0.8937387,0.9625115,0.9916819,0.963776,0.9699665,0.9596788,0.9482254,8.694502,6.962151,8.888115,7.475773,9.481948,6.581125,10.04304,7.399706,7.641748,8.538215,6.884789,8.033245,7.384401,6.487029,6.667599,5.102699,6.403694,5.827617,3.769659,4.876883,6.008311,7.117846,2.780905,4.83707,2.689172,3.549767,6.488616,2.979737,4.43901,3.601022,2029,480,471,1199,1579,57,738,1174,22,1024,416,1645,569,1076,448,2336,575,498,1435,1496,48,666,1087,252,1141,396,1793,628,1092,403,498.9018,467.1584,516.6382,452.9821,341.8968,553.4474,333.8153,533.3603,624.6411,525.063,526.4129,549.8231,667.5496,486.4219,660.9204,658.0063,599.243,663.1769,594.4338,479.5859,733.5875,460.9081,686.4205,771.5143,680.6548,686.6952,729.1224,825.9788,644.1415,829.9969
03/09/2022 04:50:00,0,0,0,0,0,1.844611,1.633446,1.23565,1.425989,1.552045,1.561674,1.782639,1.567632,1.931103,1.792691,2.040187,1.383858,1.682913,1.335922,1.675794,1.594097,1.500038,1.16653,1.326256,1.442121,1.410246,1.620244,1.451928,1.756348,1.741367,1.978928,1.381074,1.585469,1.243618,1.578179,0.1854516,0.1243319,0.130279,0.1691552,0.1750883,0.1432507,0.2050133,0.2088511,0.1722344,0.1800042,0.1860976,0.1596875,0.1833845,0.1555713,0.1757121,0.541961,0.4857871,0.3695926,0.4251997,0.4626957,0.4628575,0.5290422,0.4670323,0.5731798,0.5394568,0.6137443,0.4188753,0.5031534,0.3984188,0.5009863,0.8650556,0.917479,0.9440728,0.9293039,0.9294381,0.9024615,0.909709,0.9262376,0.911083,0.9710277,0.9705184,0.9993888,0.9423288,0.9324564,0.9421088,8.971949,7.155264,8.918809,7.540241,9.596986,6.629176,10.85048,7.634935,8.162842,9.074029,7.071033,8.055904,7.775411,6.500816,6.947953,5.266279,6.53296,5.861779,3.810269,4.876883,6.008311,7.336102,2.878195,4.947436,2.857026,3.622533,6.550929,3.011005,4.439024,3.603679,2317,934,107,438,1104,261,1919,1070,1378,1212,1389,383,1489,65,972,2403,1084,104,397,1010,320,2005,1061,1829,1348,1394,336,1422,48,1322,526.5674,481.61,517.199,456.4483,354.1296,554.8569,349.4626,552.4716,634.0189,544.6385,535.1142,558.0043,683.4708,488.4558,667.9388,692.1484,616.8989,664.8627,600.4713,497.7189,736.3408,480.7658,709.8104,783.1969,704.5351,698.2974,742.0045,846.244,647.6122,839.3951
03/09/2022 05:50:00,0,0,0,0,0,1.645617,1.204811,1.552915,1.408108,1.52442,1.565716,1.417942,1.615056,1.65286,1.613058,1.497398,1.66714,1.475192,1.440861,1.391336,1.409016,1.111198,1.423468,1.30782,1.428299,1.399385,1.292498,1.489449,1.467318,1.521476,1.433396,1.609223,1.419286,1.321505,1.30322,0.2109645,0.1272702,0.1478564,0.1725616,0.1694939,0.1383686,0.1958814,0.2093307,0.2002367,0.1818091,0.20554,0.1810076,0.1894039,0.1614155,0.1947498,0.482625,0.3586287,0.4616636,0.4197482,0.4552462,0.4630924,0.4210567,0.480736,0.4882065,0.4823889,0.4491948,0.501,0.4430078,0.428401,0.4154769,0.8547007,0.9227475,0.9159666,0.9285462,0.9372787,0.8929365,0.9100524,0.9218791,0.9046544,0.9449316,0.9582853,0.964959,0.9609483,0.9157135,0.9372185,9.205617,7.19466,9.010124,7.556067,9.673056,6.644608,11.04988,7.713573,8.270118,9.29425,7.230461,8.171274,7.856839,6.521184,7.22362,5.440769,6.569659,5.861779,3.860037,4.892604,6.008311,7.339836,2.90114,5.10876,2.89046,3.730076,6.619824,3.018287,4.472557,3.60642,1438,112,520,608,338,327,736,1214,581,571,650,1252,409,284,304,1529,109,693,635,339,338,837,1185,874,574,650,1260,382,405,247,546.0138,485.8852,517.8151,459.9634,355.7769,555.3479,362.9627,561.0201,651.3933,550.9287,549.2404,562.9913,688.8569,488.7094,678.6214,718.3129,622.6865,666.8978,606.9272,501.193,737.6853,498.707,721.069,805.15,713.5399,716.8471,749.7289,854.3371,648.647,853.2335
03/09/2022 06:50:00,0,0,0,0,0,1.530692,1.645735,1.437757,1.583899,1.684021,1.685196,1.254976,1.586842,1.743464,1.704406,1.701317,1.672772,1.776298,1.58933,1.425729,1.334593,1.517959,1.340218,1.458779,1.586927,1.537359,1.178127,1.428078,1.572947,1.606273,1.633456,1.632752,1.713668,1.515048,1.343518,0.1975128,0.1465704,0.1833702,0.2007304,0.2072763,0.1729632,0.1816066,0.2307937,0.2063542,0.2162603,0.2213463,0.2161228,0.2165804,0.2037914,0.2034047,0.4505109,0.4898822,0.4289089,0.4713334,0.5035121,0.5005006,0.3749322,0.469992,0.5166404,0.5096162,0.5106896,0.5038931,0.5337425,0.4763517,0.4262837,0.871289,0.9219399,0.9328925,0.9205394,0.942301,0.9129876,0.9384604,0.9002165,0.9042143,0.9431607,0.9607666,0.9743145,0.9646471,0.9578805,0.9420264,9.246942,7.627573,9.193557,7.747564,10.0699,6.705885,11.04988,7.850307,8.314403,9.373116,7.259351,8.323877,8.050034,6.795103,7.224186,5.463095,6.66172,5.861779,3.933505,5.089002,6.008311,7.339836,2.985038,5.167816,3.069659,3.76024,6.736528,3.022897,4.918145,3.60642,849,879,530,1310,1243,538,405,941,570,1285,910,676,1127,794,355,840,977,637,1270,1284,749,336,918,880,1143,845,912,1033,750,319,549.8291,489.7329,523.9242,467.0486,367.1095,557.2731,368.6954,576.7368,654.3984,561.5458,551.9706,571.6967,695.5975,494.2741,679.3294,725.3802,628.4403,676.478,617.9611,516.1909,741.8561,507.813,740.8749,809.9014,727.9717,721.3328,762.0187,863.6111,657.4772,854.9266
